ID-Anforderung;Titel;Inhalt;Typ
APP.1.2.A1;Verwendung von grundlegenden Sicherheitsmechanismen;Der eingesetzte Webbrowser MUSS sicherstellen, dass jede Instanz und jeder Verarbeitungsprozess nur auf die eigenen Ressourcen zugreifen kann (Sandboxing).;Basis
APP.1.2.A1;Verwendung von grundlegenden Sicherheitsmechanismen;Webseiten MÜSSEN als eigenständige Prozesse oder mindestens als eigene Threads voneinander isoliert werden.;Basis
APP.1.2.A1;Verwendung von grundlegenden Sicherheitsmechanismen;Plug-ins und Erweiterungen MÜSSEN ebenfalls in isolierten Bereichen ausgeführt werden.;Basis
APP.1.2.A1;Verwendung von grundlegenden Sicherheitsmechanismen;Der verwendete Webbrowser MUSS die Content Security Policy (CSP) umsetzen.;Basis
APP.1.2.A1;Verwendung von grundlegenden Sicherheitsmechanismen;Der aktuell höchste Level der CSP SOLLTE erfüllt werden.;Basis
APP.1.2.A1;Verwendung von grundlegenden Sicherheitsmechanismen;Der Browser MUSS Maßnahmen zur Same-Origin-Policy und Subresource Integrity unterstützen.;Basis
APP.1.2.A2;Unterstützung sicherer Verschlüsselung der Kommunikation;Der Webbrowser MUSS Transport Layer Security (TLS) in einer sicheren Version unterstützen.;Basis
APP.1.2.A2;Unterstützung sicherer Verschlüsselung der Kommunikation;Verbindungen zu Webservern MÜSSEN mit TLS verschlüsselt werden, falls dies vom Webserver unterstützt wird.;Basis
APP.1.2.A2;Unterstützung sicherer Verschlüsselung der Kommunikation;Unsichere Versionen von TLS SOLLTEN deaktiviert werden.;Basis
APP.1.2.A2;Unterstützung sicherer Verschlüsselung der Kommunikation;Der Webbrowser MUSS den Sicherheitsmechanismus HTTP Strict Transport Security (HSTS) gemäß RFC 6797 unterstützen und einsetzen.;Basis
APP.1.2.A3;Verwendung von vertrauenswürdigen Zertifikaten;Falls der Webbrowser eine eigene Liste von vertrauenswürdigen Wurzelzertifikaten bereitstellt, MUSS sichergestellt werden, dass nur der IT-Betrieb diese ändern kann.;Basis
APP.1.2.A3;Verwendung von vertrauenswürdigen Zertifikaten;Falls dies nicht durch technische Maßnahmen möglich ist, MUSS den Benutzenden verboten werden, diese Liste zu ändern.;Basis
APP.1.2.A3;Verwendung von vertrauenswürdigen Zertifikaten;Außerdem MUSS sichergestellt werden, dass der Webbrowser Zertifikate lokal widerrufen kann.;Basis
APP.1.2.A3;Verwendung von vertrauenswürdigen Zertifikaten;Der Webbrowser MUSS die Gültigkeit der Server-Zertifikate mithilfe des öffentlichen Schlüssels und unter Berücksichtigung des Gültigkeitszeitraums vollständig prüfen.;Basis
APP.1.2.A3;Verwendung von vertrauenswürdigen Zertifikaten;Auch der Sperrstatus der Server-Zertifikate MUSS vom Webbrowser geprüft werden.;Basis
APP.1.2.A3;Verwendung von vertrauenswürdigen Zertifikaten;Die Zertifikatskette einschließlich des Wurzelzertifikats MUSS verifiziert werden.;Basis
APP.1.2.A3;Verwendung von vertrauenswürdigen Zertifikaten;Der Webbrowser MUSS den Benutzenden eindeutig und gut sichtbar darstellen, ob die Kommunikation im Klartext oder verschlüsselt erfolgt.;Basis
APP.1.2.A3;Verwendung von vertrauenswürdigen Zertifikaten;Der Webbrowser SOLLTE den Benutzenden auf Anforderung das verwendete Serverzertifikat anzeigen können.;Basis
APP.1.2.A3;Verwendung von vertrauenswürdigen Zertifikaten;Der Webbrowser MUSS den Benutzenden signalisieren, wenn Zertifikate fehlen, ungültig sind oder widerrufen wurden.;Basis
APP.1.2.A3;Verwendung von vertrauenswürdigen Zertifikaten;Der Webbrowser MUSS in diesem Fall die Verbindung abbrechen, bis die Benutzenden diese ausdrücklich bestätigt haben.;Basis
APP.1.2.A4;ENTFALLEN;Diese Anforderung ist entfallen.;Basis
APP.1.2.A6;Kennwortmanagement im Webbrowser;Wird ein Kennwortmanager im Webbrowser verwendet, MUSS er eine direkte und eindeutige Beziehung zwischen Webseite und hierfür gespeichertem Kennwort herstellen.;Basis
APP.1.2.A6;Kennwortmanagement im Webbrowser;Der Kennwortspeicher MUSS die Passwörter verschlüsselt speichern.;Basis
APP.1.2.A6;Kennwortmanagement im Webbrowser;Es MUSS sichergestellt werden, dass auf die im Kennwortmanager gespeicherten Passwörter nur nach Eingabe eines Master-Kennworts zugegriffen werden kann.;Basis
APP.1.2.A6;Kennwortmanagement im Webbrowser;Außerdem MUSS sichergestellt sein, dass die Authentisierung für den kennwortgeschützten Zugriff nur für die aktuelle Sitzung gültig ist.;Basis
APP.1.2.A6;Kennwortmanagement im Webbrowser;Der IT-Betrieb MUSS sicherstellen, dass der verwendete Browser den Benutzenden die Möglichkeit bietet, gespeicherte Passwörter zu löschen.;Basis
APP.1.2.A13;Nutzung von DNS-over-HTTPS;Die Institution MUSS entscheiden, ob die verwendeten Browser DNS-over-HTTPS (DoH) verwenden sollen.;Basis
APP.1.2.A13;Nutzung von DNS-over-HTTPS;Die Browser MÜSSEN entsprechend dieser Entscheidung konfiguriert werden.;Basis
APP.1.2.A13;Nutzung von DNS-over-HTTPS;Falls ein interner DNS-Resolver verwendet wird, MUSS dieser auch vom Browser verwendet werden.;Basis
APP.1.2.A5;ENTFALLEN;Diese Anforderung ist entfallen.;Standard
APP.1.2.A7;Datensparsamkeit in Webbrowsern;Cookies von fremden Institutionen SOLLTEN im Webbrowser abgelehnt werden.;Standard
APP.1.2.A7;Datensparsamkeit in Webbrowsern;Gespeicherte Cookies SOLLTEN durch die Benutzenden gelöscht werden können.;Standard
APP.1.2.A7;Datensparsamkeit in Webbrowsern;Die Funktion zur Autovervollständigung von Daten SOLLTE deaktiviert werden.;Standard
APP.1.2.A7;Datensparsamkeit in Webbrowsern;Wird die Funktion dennoch genutzt, SOLLTEN die Benutzenden diese Daten löschen können.;Standard
APP.1.2.A7;Datensparsamkeit in Webbrowsern;Die Benutzenden SOLLTE außerdem die Historiendaten des Webbrowsers löschen können.;Standard
APP.1.2.A7;Datensparsamkeit in Webbrowsern;Sofern vorhanden, SOLLTE eine Synchronisation des Webbrowsers mit Cloud-Diensten deaktiviert werden.;Standard
APP.1.2.A7;Datensparsamkeit in Webbrowsern;Telemetriefunktionen sowie das automatische Senden von Absturzberichten, URL-Eingaben und Sucheingaben aus der Institution heraus oder an Externe SOLLTEN soweit wie möglich deaktiviert werden.;Standard
APP.1.2.A7;Datensparsamkeit in Webbrowsern;Peripheriegeräte wie Mikrofon oder Webcam sowie Standortfreigaben SOLLTEN nur für Webseiten aktiviert werden, bei denen sie unbedingt benötigt werden.;Standard
APP.1.2.A7;Datensparsamkeit in Webbrowsern;Der Browser SOLLTE eine Möglichkeit bieten, WebRTC, HSTS und JavaScript zu konfigurieren bzw. abzuschalten.;Standard
APP.1.2.A8;ENTFALLEN;Diese Anforderung ist entfallen.;Standard
APP.1.2.A9;Einsatz einer isolierten Webbrowser-Umgebung;Die Institution SOLLTE speziell abgesicherte, isolierte Browserumgebungen einsetzen, wie z. B. ReCoBS oder virtualisierte Instanzen.;Hoch
APP.1.2.A10;Verwendung des privaten Modus;Der Webbrowser SOLLTE bei erhöhten Anforderungen bezüglich der Vertraulichkeit im sogenannten privaten Modus ausgeführt werden, sodass keine Informationen oder Inhalte dauerhaft auf dem IT-System der Benutzenden gespeichert werden.;Hoch
APP.1.2.A10;Verwendung des privaten Modus;Der Browser SOLLTE so konfiguriert werden, dass lokale Inhalte beim Beenden gelöscht werden.;Hoch
APP.1.2.A11;Überprüfung auf schädliche Inhalte;Aufgerufene Internetadressen SOLLTEN durch den Webbrowser auf potenziell schädliche Inhalte geprüft werden.;Hoch
APP.1.2.A11;Überprüfung auf schädliche Inhalte;Der Webbrowser SOLLTE die Benutzenden warnen, wenn Informationen über schädliche Inhalte vorliegen.;Hoch
APP.1.2.A11;Überprüfung auf schädliche Inhalte;Eine als schädlich klassifizierte Verbindung SOLLTE NICHT aufgerufen werden können.;Hoch
APP.1.2.A11;Überprüfung auf schädliche Inhalte;Das verwendete Verfahren zur Überprüfung DARF NICHT gegen Datenschutz- oder Geheimschutz-Vorgaben verstoßen.;Hoch
APP.1.2.A12;Zwei-Browser-Strategie;Für den Fall von ungelösten Sicherheitsproblemen mit dem verwendeten Webbrowser SOLLTE ein alternativer Browser mit einer anderen Plattform installiert sein, der den Benutzenden als Ausweichmöglichkeit dient.;Hoch
