ID-Anforderung;Titel;Inhalt;Typ
APP.5.4.A1;Planung von UCC;Es MUSS umfassend und detailliert geplant werden, wie und für welchen Zweck UCC eingesetzt werden soll.;Basis
APP.5.4.A1;Planung von UCC;Die Planung MUSS insbesondere die Wechselwirkungen der UCC-Dienste berücksichtigen und mindestens folgende Aspekte beinhalten:;Basis
APP.5.4.A1;Planung von UCC;Einsatzzwecke der vorgesehenen UCC-Dienste;Basis
APP.5.4.A1;Planung von UCC;Funktionale Anforderungen an UCC als Gesamtheit und an die einzelnen UCC-Dienste;Basis
APP.5.4.A1;Planung von UCC;Anforderungen zur Absicherung von UCC;Basis
APP.5.4.A1;Planung von UCC;Festlegung zu Informationen und Daten, die über UCC übertragen werden dürfen;Basis
APP.5.4.A1;Planung von UCC;Analyse der Kommunikation und der Abhängigkeiten von UCC-Diensten untereinander;Basis
APP.5.4.A1;Planung von UCC;Produkt- und Dienstauswahl ausgehend von den definierten Anforderungen;Basis
APP.5.4.A1;Planung von UCC;Aufstellen von organisatorischen Regelungen, um die UCC-Dienste zu benutzen;Basis
APP.5.4.A1;Planung von UCC;Bei der Planung MUSS berücksichtigt werden, wie UCC in die IT-Infrastruktur der Institution integriert wird.;Basis
APP.5.4.A1;Planung von UCC;Hierbei MUSS insbesondere betrachtet werden, ob und wie die Systeme der UCC-Dienste innerhalb des Netzes separiert werden sollen und welche Schnittstellen zu weiteren benutzten Anwendungen notwendig sind.;Basis
APP.5.4.A2;Berücksichtigung von UCC in der Netzplanung;Bevor UCC-Dienste eingeführt werden, MUSS geprüft werden, ob das Netz die UCC-spezifischen Leistungsparameter erfüllt.;Basis
APP.5.4.A2;Berücksichtigung von UCC in der Netzplanung;Falls die Leistungsparameter nicht erfüllt werden, MUSS festgelegt werden, wie hiermit umgegangen wird.;Basis
APP.5.4.A2;Berücksichtigung von UCC in der Netzplanung;Sollen UCC-Dienste benutzt werden, SOLLTEN im Rahmen der allgemeinen Netzplanung insbesondere folgende Aspekte berücksichtigt werden:;Basis
APP.5.4.A2;Berücksichtigung von UCC in der Netzplanung;Erfüllung der UCC-spezifischen Leistungsparameter wie Paketverlust, Jitter und Latenz;Basis
APP.5.4.A2;Berücksichtigung von UCC in der Netzplanung;Netzkapazitäten (Bandbreite) für die festgelegte Benutzung der UCC-Dienste wie Videokonferenzen;Basis
APP.5.4.A2;Berücksichtigung von UCC in der Netzplanung;Berücksichtigung von Power over Ethernet (PoE) für stationäre Endgeräte;Basis
APP.5.4.A2;Berücksichtigung von UCC in der Netzplanung;Verfügbarkeit von WLAN für mobile Endgeräte;Basis
APP.5.4.A2;Berücksichtigung von UCC in der Netzplanung;Falls die UCC-Dienste erweitert werden, SOLLTEN diese Aspekte erneut geprüft werden.;Basis
APP.5.4.A3;Initiales und regelmäßiges Testen der UCC-Dienste;Für die UCC-Dienste MÜSSEN initial Tests durchgeführt werden, die verifizieren, dass die UCC-Komponenten untereinander und mit anderen UCC-Diensten interferenzfrei funktionieren.;Basis
APP.5.4.A3;Initiales und regelmäßiges Testen der UCC-Dienste;Ebenfalls MÜSSEN Tests mit ausgewählten Benutzenden durchgeführt werden, um insbesondere Wechselwirkungen mit anderen Anwendungen zu überprüfen.;Basis
APP.5.4.A3;Initiales und regelmäßiges Testen der UCC-Dienste;Diese Tests SOLLTEN wiederholt werden, wenn die UCC-Dienste erweitert oder verändert werden.;Basis
APP.5.4.A3;Initiales und regelmäßiges Testen der UCC-Dienste;Zusätzlich SOLLTE die Konfiguration der UCC-Dienste in regelmäßigen Abständen auf Plausibilität und Konformität für die festgelegten Einsatzzwecke überprüft werden.;Basis
APP.5.4.A4;Deaktivierung nicht benötigter Funktionen und Dienste;UCC-Dienste DÜRFEN NUR mit dem geringsten notwendigen Funktionsumfang betrieben werden.;Basis
APP.5.4.A4;Deaktivierung nicht benötigter Funktionen und Dienste;Die verfügbaren Funktionen und Dienste MÜSSEN entsprechend der definierten Einsatzzwecke ausgewählt werden.;Basis
APP.5.4.A4;Deaktivierung nicht benötigter Funktionen und Dienste;Dabei MÜSSEN gegebenenfalls auftretende Wechselwirkungen zwischen den verschiedenen Komponenten eines UCC-Dienstes berücksichtigt werden.;Basis
APP.5.4.A4;Deaktivierung nicht benötigter Funktionen und Dienste;Außerdem MÜSSEN insbesondere die folgenden Dienste und Funktionen auf Notwendigkeit geprüft und gegebenenfalls deaktiviert oder eingeschränkt werden:;Basis
APP.5.4.A4;Deaktivierung nicht benötigter Funktionen und Dienste;Speicherung von personenbezogenen Daten durch die UCC-Komponenten;Basis
APP.5.4.A4;Deaktivierung nicht benötigter Funktionen und Dienste;Zugriff und Verarbeitung von personenbezogenen Daten durch Benutzende und den UCC-Dienst;Basis
APP.5.4.A4;Deaktivierung nicht benötigter Funktionen und Dienste;Benutzbarkeit von Funktionen wie Chat, Erreichbarkeitsstatus, Dateiablagen oder Team-Bereiche durch externe Teilnehmende;Basis
APP.5.4.A4;Deaktivierung nicht benötigter Funktionen und Dienste;Senden von Daten und Dateien an externe UCC-Dienste;Basis
APP.5.4.A4;Deaktivierung nicht benötigter Funktionen und Dienste;Konversationsbezogene Log-Daten DÜRFEN NUR in minimal notwendigem Umfang gespeichert werden.;Basis
APP.5.4.A4;Deaktivierung nicht benötigter Funktionen und Dienste;Funktionen und Dienste, die auf (dauerhaft) gespeicherte Log-Daten zugreifen, MÜSSEN auf ihre Notwendigkeit geprüft und gegebenenfalls deaktiviert werden.;Basis
APP.5.4.A5;Rollen- und Berechtigungskonzept für UCC;Das Rollen- und Berechtigungskonzept MUSS um UCC-spezifische Definitionen von Rollen und Berechtigungen ergänzt werden.;Basis
APP.5.4.A5;Rollen- und Berechtigungskonzept für UCC;Solche Definitionen MÜSSEN sowohl für alle internen Benutzenden als auch für die externen Benutzenden getroffen werden.;Basis
APP.5.4.A5;Rollen- und Berechtigungskonzept für UCC;Es MÜSSEN folgende Aspekte berücksichtigt werden:;Basis
APP.5.4.A5;Rollen- und Berechtigungskonzept für UCC;Berechtigungen zur zielgerichteten Benutzung von UCC-Diensten gemäß festgelegter Einsatzzwecke;Basis
APP.5.4.A5;Rollen- und Berechtigungskonzept für UCC;Berechtigungen zur Anpassung der Konfiguration von Konversationen;Basis
APP.5.4.A5;Rollen- und Berechtigungskonzept für UCC;Berechtigungen für spezielle Funktionen von UCC-Diensten wie Aufzeichnung von Konversationen und Zugriff auf Dateiablagen eines UCC-Dienstes;Basis
APP.5.4.A5;Rollen- und Berechtigungskonzept für UCC;Darüber hinaus MÜSSEN die Berechtigungen der Konten ebenfalls auf das notwendige Minimum reduziert werden.;Basis
APP.5.4.A5;Rollen- und Berechtigungskonzept für UCC;Dienste, die nur für einen Teil der Benutzenden zur Verfügung stehen, DÜRFEN NICHT für die restlichen Benutzenden zugänglich sein.;Basis
APP.5.4.A5;Rollen- und Berechtigungskonzept für UCC;Zudem SOLLTEN nur Benutzende mit einer entsprechenden Berechtigung auf Daten wie Aufzeichnungen oder Dateiablagen zugreifen können.;Basis
APP.5.4.A5;Rollen- und Berechtigungskonzept für UCC;Die Festlegungen MÜSSEN festgehalten, regelmäßig und anlassbezogen geprüft und aktualisiert werden.;Basis
APP.5.4.A6;Verschlüsselung von UCC-Daten;Sämtliche Kommunikation über unzureichend vertrauenswürdige Netze MUSS mit sicheren Verfahren verschlüsselt werden, sofern dies durch die jeweilige UCC-Komponente unterstützt wird.;Basis
APP.5.4.A6;Verschlüsselung von UCC-Daten;Falls eine Verschlüsselung für einzelne UCC-Komponenten oder einzelne Konversationen nicht möglich ist, MUSS die Festlegung, welche Informationen über diese UCC-Komponenten übertragen werden dürfen, geprüft und gegebenenfalls angepasst werden.;Basis
APP.5.4.A6;Verschlüsselung von UCC-Daten;Insbesondere MUSS bei anwendungsübergreifender Kommunikation festgelegt werden, für welche Konversationen die Medienströme und die Signalisierung und welche weiteren Daten wie Chat oder Dateitransfer verschlüsselt übertragen werden müssen.;Basis
APP.5.4.A6;Verschlüsselung von UCC-Daten;Dateiablagen, die persistente personenbezogene oder vertrauliche Daten enthalten, MÜSSEN mit Hilfe von sicheren Verschlüsselungsmechanismen abgesichert werden.;Basis
APP.5.4.A6;Verschlüsselung von UCC-Daten;Hierbei MÜSSEN sowohl interne Dateiablagen der UCC-Dienste als auch über Schnittstellen angebundene externe Dateiablagen berücksichtigt werden.;Basis
APP.5.4.A6;Verschlüsselung von UCC-Daten;Die Benutzenden MÜSSEN zudem über den Status der Verschlüsselung innerhalb von Konversationen informiert werden.;Basis
APP.5.4.A7;Regelungen für eine sichere Benutzung der UCC-Dienste;Konversationen, die mit Hilfe von UCC durchgeführt werden, MÜSSEN abgesichert werden.;Basis
APP.5.4.A7;Regelungen für eine sichere Benutzung der UCC-Dienste;Hierbei MÜSSEN folgende Aspekte berücksichtigt werden:;Basis
APP.5.4.A7;Regelungen für eine sichere Benutzung der UCC-Dienste;Auswahl der Teilnehmenden entsprechend dem Inhalt der Konversation;Basis
APP.5.4.A7;Regelungen für eine sichere Benutzung der UCC-Dienste;zusätzliche Absicherung von geplanten Konversationen über Mechanismen wie PIN oder ein Passwort;Basis
APP.5.4.A7;Regelungen für eine sichere Benutzung der UCC-Dienste;Zuweisung von Moderationsrechten an ausgewählte Benutzende der einladenden Institution;Basis
APP.5.4.A7;Regelungen für eine sichere Benutzung der UCC-Dienste;Regelungen zum Umgang mit Aufzeichnungen von Konversationen;Basis
APP.5.4.A7;Regelungen für eine sichere Benutzung der UCC-Dienste;Regelungen für Endgeräte, die von mehreren Benutzenden verwendet werden;Basis
APP.5.4.A7;Regelungen für eine sichere Benutzung der UCC-Dienste;Die Benutzenden MÜSSEN über Funktionen informiert werden, über die Konversationen abgesichert werden können.;Basis
APP.5.4.A7;Regelungen für eine sichere Benutzung der UCC-Dienste;Ebenso MÜSSEN die Benutzenden dafür sensibilisiert werden, wie die UCC-Dienste sicher benutzt werden, insbesondere für externe Chats oder Videokonferenzen.;Basis
APP.5.4.A8;Einsatz eines Session Border Controller am Provider-Übergang;Für die UCC-Kommunikation über eingeschränkt vertrauenswürdige Netze SOLLTE mindestens für Sprachdienste ein Session Border Controller (SBC) am Netzübergang bzw. beim Übergang zum SIP-Provider eingesetzt werden.;Standard
APP.5.4.A8;Einsatz eines Session Border Controller am Provider-Übergang;Der SBC SOLLTE als Verschlüsselungsendpunkt die Signalisierung und die Medienströme terminieren.;Standard
APP.5.4.A8;Einsatz eines Session Border Controller am Provider-Übergang;Der SBC SOLLTE für die Signalisierung und die Medienströme Filterfunktionen unterstützen, die die jeweiligen Konversationen zusätzlich absichern.;Standard
APP.5.4.A9;Sichere Konfiguration von UCC;Um UCC sicher zu konfigurieren, SOLLTEN mindestens die folgenden Aspekte berücksichtigt werden:;Standard
APP.5.4.A9;Sichere Konfiguration von UCC;Verschlüsselung von Signalisierungs- und Mediendaten auch auf vertrauenswürdigen Übertragungsstrecken;Standard
APP.5.4.A9;Sichere Konfiguration von UCC;Absicherung von gespeicherten Daten, insbesondere Festlegung für Zugriffsberechtigung auf Aufzeichnungen von Konversationen;Standard
APP.5.4.A9;Sichere Konfiguration von UCC;Einschränkung der zur Verfügung stehenden Dienste auf ausschließlich interne Benutzende;Standard
APP.5.4.A9;Sichere Konfiguration von UCC;Einschränkung der Übertragung von Erreichbarkeitsinformationen;Standard
APP.5.4.A9;Sichere Konfiguration von UCC;Gespeicherte Daten SOLLTEN verschlüsselt werden.;Standard
APP.5.4.A9;Sichere Konfiguration von UCC;Auf gespeicherte Daten SOLLTEN Benutzende nur nach vorheriger Authentisierung zugreifen können.;Standard
APP.5.4.A9;Sichere Konfiguration von UCC;Der IT-Betrieb SOLLTE sichere Einstellungen vorgeben, die verwendet werden, wenn Konversationen erstellt werden.;Standard
APP.5.4.A9;Sichere Konfiguration von UCC;Für textbasierte Konversationen SOLLTE ein Malware-Schutz aktiviert werden.;Standard
APP.5.4.A9;Sichere Konfiguration von UCC;Die Umsetzung SOLLTE festgehalten, regelmäßig und anlassbezogen auf Einhaltung der Vorgaben geprüft und angepasst werden.;Standard
APP.5.4.A10;Absicherung und Einschränkung von Auswertungen von Inhalten;Die Art einer (automatischen) Auswertung von Konversationsinhalten SOLLTE schon im Vorfeld sorgfältig geprüft werden und ihr Nutzen gegen den Schutzbedarf abgewogen werden.;Standard
APP.5.4.A10;Absicherung und Einschränkung von Auswertungen von Inhalten;Es SOLLTE die Möglichkeit bestehen, entsprechende Funktionen entweder vollständig oder pro Konversation zu deaktivieren und eine inhaltliche Auswertung der Kommunikation zu verhindern.;Standard
APP.5.4.A10;Absicherung und Einschränkung von Auswertungen von Inhalten;Besondere Beachtung SOLLTEN KI-Funktionen und die Übertragung von Daten an Onlinedienste erhalten.;Standard
APP.5.4.A10;Absicherung und Einschränkung von Auswertungen von Inhalten;Werden Inhalte über den Zweck der Konversation hinausgehend ausgewertet, MUSS dazu auch eine Zustimmung der an der Konversation teilnehmenden Personen eingeholt werden.;Standard
APP.5.4.A10;Absicherung und Einschränkung von Auswertungen von Inhalten;Werden während der Auswertung von Konversationen persistente Daten erzeugt, SOLLTEN für diese geeignete Schutzmaßnahmen umgesetzt werden.;Standard
APP.5.4.A11;Sicherstellung der Verfügbarkeit von Kommunikationsdiensten;Die Verfügbarkeit von UCC-Diensten SOLLTE insbesondere durch folgende technische Maßnahmen sichergestellt werden:;Hoch
APP.5.4.A11;Sicherstellung der Verfügbarkeit von Kommunikationsdiensten;redundante Auslegung zentraler Server und Dienste;Hoch
APP.5.4.A11;Sicherstellung der Verfügbarkeit von Kommunikationsdiensten;Benutzung von Call Admission Control (CAC) zur Qualitätssicherung von Telefonie und Video-Diensten;Hoch
APP.5.4.A11;Sicherstellung der Verfügbarkeit von Kommunikationsdiensten;möglichst autark funktionierende UCC-Dienste;Hoch
APP.5.4.A11;Sicherstellung der Verfügbarkeit von Kommunikationsdiensten;Darüber hinaus SOLLTE bei Cloud-basierten UCC-Diensten der Cloud-Provider sowie der Internet-Provider ausfallsicher an das eigene Netz angebunden werden.;Hoch
APP.5.4.A11;Sicherstellung der Verfügbarkeit von Kommunikationsdiensten;Zudem SOLLTE ein SIP-Provider, der Rufnummern bereitstellt und den Übergang ins öffentliche Telefonnetz bildet, hochverfügbar an das eigene Netz angebunden werden.;Hoch
APP.5.4.A11;Sicherstellung der Verfügbarkeit von Kommunikationsdiensten;Die Verfügbarkeit SOLLTE durch ein Monitoring der UCC-Dienste überwacht werden.;Hoch
APP.5.4.A12;Einbindung von UCC in die Notfallplanung;Ausgehend von einer Business Impact Analyse SOLLTE geprüft werden, welche UCC-Dienste in der Notfallplanung berücksichtigt werden sollen.;Hoch
APP.5.4.A12;Einbindung von UCC in die Notfallplanung;Hierbei SOLLTEN in Notfallsituationen für einzelne UCC-Dienste alternative Anwendungen bereitgestellt werden.;Hoch
APP.5.4.A12;Einbindung von UCC in die Notfallplanung;Insbesondere SOLLTE für die Benutzenden die Erreichbarkeit von wichtigen Diensten wie der Notruf gewährleistet werden.;Hoch
APP.5.4.A12;Einbindung von UCC in die Notfallplanung;Zudem SOLLTE ein Notfallplan für die UCC-Dienste erstellt werden, in dem notwendige Konfigurationen sowie Routing-Anpassungen, die über den Telefonie-Provider realisiert werden, behandelt werden.;Hoch
APP.5.4.A12;Einbindung von UCC in die Notfallplanung;Ebenso SOLLTE der Wiederanlauf der UCC-Komponenten und -Dienste unter Berücksichtigung der Wechselwirkungen innerhalb der UCC-Dienste festgelegt werden.;Hoch
APP.5.4.A13;Sichere Administration von SIP-Trunks;Wenn SIP-Trunks administriert werden, SOLLTE für folgende Tätigkeiten ein 4-Augen-Prinzip angewendet werden:;Hoch
APP.5.4.A13;Sichere Administration von SIP-Trunks;Änderungen an Routing-Konfigurationen;Hoch
APP.5.4.A13;Sichere Administration von SIP-Trunks;Änderungen an Parametern, die im Rahmen von Call Admission Control benutzt werden;Hoch
APP.5.4.A13;Sichere Administration von SIP-Trunks;Änderungen hinsichtlich der Verschlüsselung sowohl in Richtung des eigenen Netzes als auch in Richtung des Provider-Netzes;Hoch
APP.5.4.A13;Sichere Administration von SIP-Trunks;Änderungen an weiteren sicherheitsrelevanten Konfigurationen wie der lokalen Speicherung von Verbindungsdaten;Hoch
APP.5.4.A14;Ende-zu-Ende-Verschlüsselung;Für UCC-Kommunikation SOLLTE eine sichere Ende-zu-Ende-Verschlüsselung benutzt werden.;Hoch
APP.5.4.A14;Ende-zu-Ende-Verschlüsselung;Die Ende-zu-Ende-Verschlüsselung SOLLTE sich sowohl auf die Signalisierung als auch auf die Mediendaten von Audio- und Videokommunikation mit zwei oder mehr Teilnehmenden erstrecken.;Hoch
APP.5.4.A14;Ende-zu-Ende-Verschlüsselung;Bei Konversationen zwischen UCC-Diensten von verschiedenen Herstellenden SOLLTEN die übertragenen Informationen eingeschränkt werden, sofern eine Ende-zu-Ende-Verschlüsselung nach Stand der Technik nicht möglich ist.;Hoch
APP.5.4.A15;Einschränkung von KI-Funktionen;Die Benutzung von KI-Funktionen SOLLTE deaktiviert oder auf ein Minimum reduziert werden.;Hoch
APP.5.4.A15;Einschränkung von KI-Funktionen;Ist eine permanente Deaktivierung nicht möglich oder erwünscht, SOLLTE festgelegt werden, dass Benutzende der UCC-Dienste zu Beginn einer Konversation zielgerichtet KI-Funktionen deaktivieren, falls dies möglich ist.;Hoch
APP.5.4.A16;Einsatz eines SBC an weiteren Netzübergängen;Ergänzend zu einem SBC am Netzübergang zum Provider, SOLLTEN weitere SBC an internen Netzübergängen eingesetzt werden.;Hoch
APP.5.4.A16;Einsatz eines SBC an weiteren Netzübergängen;Hierbei SOLLTEN insbesondere Netzübergänge zwischen Netzsegmenten mit unterschiedlichem Schutzbedarf berücksichtigt werden.;Hoch
APP.5.4.A16;Einsatz eines SBC an weiteren Netzübergängen;Der SBC SOLLTE sicherstellen, dass die Verschlüsselungsmechanismen an den SBC-gesicherten Netzsegmentübergängen anforderungskonform realisiert werden.;Hoch
APP.5.4.A17;Einschränkung der Benutzung von UCC-Diensten;Folgende Aspekte SOLLTEN mindestens berücksichtigt werden, um die UCC-Dienste sowie die übertragenen Daten zusätzlich abzusichern:;Hoch
APP.5.4.A17;Einschränkung der Benutzung von UCC-Diensten;Einschränkung der Dienste entsprechend des Schutzbedarfs der übertragenen Informationen;Hoch
APP.5.4.A17;Einschränkung der Benutzung von UCC-Diensten;Benutzung einer Multi-Faktor-Authentisierung für Benutzende;Hoch
APP.5.4.A17;Einschränkung der Benutzung von UCC-Diensten;Deaktivierung von Funktionen für externe Benutzende;Hoch
APP.5.4.A17;Einschränkung der Benutzung von UCC-Diensten;Deaktivierung der Speicherung von Metadaten;Hoch
APP.5.4.A17;Einschränkung der Benutzung von UCC-Diensten;Einschränkung der Sichtbarkeit von kommunikationsbezogenen Daten für Administrierende;Hoch
APP.5.4.A17;Einschränkung der Benutzung von UCC-Diensten;Darüber hinaus SOLLTEN zusätzliche technische und organisatorische Vorkehrungen getroffen werden, um Konversationen über die Vergabe von PINs bzw. Passwörtern hinaus abzusichern.;Hoch
APP.5.4.A18;Einbindung von UCC in ein Sicherheitsmonitoring;Die zentralen UCC-Komponenten SOLLTEN durch ein Sicherheitsmonitoring überwacht werden.;Hoch
APP.5.4.A18;Einbindung von UCC in ein Sicherheitsmonitoring;Dies SOLLTE mindestens für Komponenten umgesetzt werden, die wie Multipoint Control Units Verschlüsselungsendpunkte realisieren oder die wie SBCs an Vertrauensgrenzen positioniert sind.;Hoch
APP.5.4.A18;Einbindung von UCC in ein Sicherheitsmonitoring;Wird für die IT der Institution ein System zur zentralen Detektion und automatisierten Echtzeitüberprüfung von Ereignismeldungen eingesetzt, SOLLTEN die zentralen UCC-Komponenten hierin eingebunden werden.;Hoch
