ID-Anforderung;Titel;Inhalt;Typ
APP.2.1.A1;Erstellung einer Sicherheitsrichtlinie für Verzeichnisdienste;Es MUSS eine Sicherheitsrichtlinie für den Verzeichnisdienst erstellt werden.;Basis
APP.2.1.A1;Erstellung einer Sicherheitsrichtlinie für Verzeichnisdienste;Diese SOLLTE mit dem übergreifenden Sicherheitskonzept der gesamten Institution abgestimmt sein.;Basis
APP.2.1.A2;Planung des Einsatzes von Verzeichnisdiensten;Der Einsatz von Verzeichnisdiensten MUSS sorgfältig geplant werden.;Basis
APP.2.1.A2;Planung des Einsatzes von Verzeichnisdiensten;Die konkrete Nutzung des Verzeichnisdienstes MUSS festgelegt werden.;Basis
APP.2.1.A2;Planung des Einsatzes von Verzeichnisdiensten;Es MUSS sichergestellt sein, dass der Verzeichnisdienst und alle ihn verwendenden Anwendungen kompatibel sind.;Basis
APP.2.1.A2;Planung des Einsatzes von Verzeichnisdiensten;Zudem MUSS ein Konzept für eine Struktur aus Objektklassen und Attributtypen entwickelt werden, dass den Ansprüchen der vorgesehenen Nutzungsarten genügt.;Basis
APP.2.1.A2;Planung des Einsatzes von Verzeichnisdiensten;Bei der Planung eines Verzeichnisdienstes, der personenbezogene Daten beinhaltet, MÜSSEN Personalvertretung und Datenschutzbeauftragte beteiligt werden.;Basis
APP.2.1.A2;Planung des Einsatzes von Verzeichnisdiensten;Es MUSS ein bedarfsgerechtes Berechtigungskonzept zum Verzeichnisdienst entworfen werden.;Basis
APP.2.1.A2;Planung des Einsatzes von Verzeichnisdiensten;Generell SOLLTE die geplante Verzeichnisdienststruktur vollständig dokumentiert und die Dokumentation bei Änderungen fortgeschrieben werden.;Basis
APP.2.1.A2;Planung des Einsatzes von Verzeichnisdiensten;Maßnahmen SOLLTEN geplant und umgesetzt werden, die es unterbinden, aus dem Verzeichnisdienst unbefugt Daten sammeln zu können.;Basis
APP.2.1.A3;Einrichtung von Zugriffsberechtigungen auf Verzeichnisdienste;Die Administration des Verzeichnisdienstes selbst und die eigentliche Verwaltung der Daten MÜSSEN getrennt werden.;Basis
APP.2.1.A3;Einrichtung von Zugriffsberechtigungen auf Verzeichnisdienste;Alle administrativen Aufgabenbereiche und Berechtigungen SOLLTEN ausreichend dokumentiert werden.;Basis
APP.2.1.A3;Einrichtung von Zugriffsberechtigungen auf Verzeichnisdienste;Bei einer eventuellen Zusammenführung mehrerer Verzeichnisdienstbäume MÜSSEN die daraus resultierenden effektiven Rechte kontrolliert werden.;Basis
APP.2.1.A4;ENTFALLEN;Diese Anforderung ist entfallen.;Basis
APP.2.1.A5;Sichere Konfiguration und Konfigurationsänderungen von Verzeichnisdiensten;Der Verzeichnisdienst MUSS sicher konfiguriert werden.;Basis
APP.2.1.A5;Sichere Konfiguration und Konfigurationsänderungen von Verzeichnisdiensten;Für die sichere Konfiguration einer Verzeichnisdienste-Infrastruktur MÜSSEN neben dem Server auch die Clients (IT-Systeme und Anwendungen) einbezogen werden.;Basis
APP.2.1.A5;Sichere Konfiguration und Konfigurationsänderungen von Verzeichnisdiensten;Wird die Konfiguration des Verzeichnisdienstes oder der mit ihm vernetzten IT-Systeme geändert, SOLLTEN die Benutzenden rechtzeitig über Wartungsarbeiten informiert werden.;Basis
APP.2.1.A6;Sicherer Betrieb von Verzeichnisdiensten;Die Sicherheit des Verzeichnisdienstes MUSS im Betrieb permanent aufrechterhalten werden.;Basis
APP.2.1.A6;Sicherer Betrieb von Verzeichnisdiensten;Alle den Betrieb eines Verzeichnisdienst-Systems betreffenden Richtlinien, Regelungen und Prozesse SOLLTEN nachvollziehbar dokumentiert und aktuell gehalten werden.;Basis
APP.2.1.A6;Sicherer Betrieb von Verzeichnisdiensten;Sofern der Verzeichnisdienst zur Verwaltung von Anmeldedaten verwendet wird, MÜSSEN dedizierte Clients bei der Fernwartung eingesetzt werden.;Basis
APP.2.1.A6;Sicherer Betrieb von Verzeichnisdiensten;Der Zugriff auf alle Administrationswerkzeuge MUSS für normale Benutzende unterbunden werden.;Basis
APP.2.1.A17;Absicherung von schutzbedürftigen Anmeldeinformationen;Für Attribute, die schutzbedürftige Anmeldeinformationen wie beispielsweise Passwörter enthalten, MUSS der Zugriff stark eingeschränkt werden.;Basis
APP.2.1.A7;ENTFALLEN;Diese Anforderung ist entfallen.;Standard
APP.2.1.A8;Planung einer Partitionierung im Verzeichnisdienst;Sofern eine Partitionierung geplant ist, SOLLTE sich diese an den Schutzzielen des Verzeichnisdienstes orientieren und diese geeignet unterstützen.;Standard
APP.2.1.A8;Planung einer Partitionierung im Verzeichnisdienst;Eine Partitionierung SOLLTE so geplant werden, dass sie die Schadensauswirkungen bei Sicherheitsvorfällen begrenzt, die unabhängige Administration verschiedener Partitionen ermöglicht und organisatorischen bzw. Sicherheitsgrenzen folgt.;Standard
APP.2.1.A9;Geeignete Auswahl von Komponenten für Verzeichnisdienste;Für den Einsatz eines Verzeichnisdienstes SOLLTEN geeignete Komponenten identifiziert werden.;Standard
APP.2.1.A9;Geeignete Auswahl von Komponenten für Verzeichnisdienste;Es SOLLTE unter Berücksichtigung von APP.6 Allgemeine Software ein Anforderungskatalog erstellt werden, nach dem die Komponenten für den Verzeichnisdienst ausgewählt und beschafft werden.;Standard
APP.2.1.A9;Geeignete Auswahl von Komponenten für Verzeichnisdienste;Im Rahmen der Planung und Konzeption des Verzeichnisdienstes SOLLTEN passend zum Einsatzzweck Anforderungen an dessen Sicherheit formuliert werden.;Standard
APP.2.1.A9;Geeignete Auswahl von Komponenten für Verzeichnisdienste;Insbesondere SOLLTE bereits bei der Produktauswahl berücksichtigt werden, wie weitere Sicherheitsanforderungen unter Einsatz der jeweiligen Komponente umgesetzt werden können.;Standard
APP.2.1.A10;ENTFALLEN;Diese Anforderung ist entfallen.;Standard
APP.2.1.A11;Einrichtung des Zugriffs auf Verzeichnisdienste;Der Zugriff auf den Verzeichnisdienst SOLLTE entsprechend der Sicherheitsrichtlinie konfiguriert werden.;Standard
APP.2.1.A11;Einrichtung des Zugriffs auf Verzeichnisdienste;Wird der Verzeichnisdienst als Server im Internet eingesetzt, SOLLTE er entsprechend durch ein Sicherheitsgateway geschützt werden.;Standard
APP.2.1.A12;Überwachung von Verzeichnisdiensten;Verzeichnisdienste SOLLTEN gemeinsam mit dem Server beobachtet und protokolliert werden, auf dem sie betrieben werden.;Standard
APP.2.1.A12;Überwachung von Verzeichnisdiensten;Insbesondere Änderungen innerhalb des Verzeichnisdienstes sowie Konfigurationsänderungen des Verzeichnisdienstes SOLLTEN vorrangig protokolliert werden.;Standard
APP.2.1.A13;Absicherung der Kommunikation mit Verzeichnisdiensten;Werden vertrauliche Informationen übertragen, SOLLTE die gesamte Kommunikation mit dem Verzeichnisdienst über ein sicheres Protokoll entsprechend der Technischen Richtlinie TR-02102 des BSI (z. B. TLS) verschlüsselt werden.;Standard
APP.2.1.A13;Absicherung der Kommunikation mit Verzeichnisdiensten;Der Datenaustausch zwischen Client und Verzeichnisdienst-Server SOLLTE abgesichert werden.;Standard
APP.2.1.A13;Absicherung der Kommunikation mit Verzeichnisdiensten;Es SOLLTE definiert werden, auf welche Daten zugegriffen werden darf.;Standard
APP.2.1.A14;Geregelte Außerbetriebnahme eines Verzeichnisdienstes;Bei einer Außerbetriebnahme des Verzeichnisdienstes SOLLTE sichergestellt sein, dass weiterhin benötigte Rechte bzw. Informationen in ausreichendem Umfang zur Verfügung stehen.;Standard
APP.2.1.A14;Geregelte Außerbetriebnahme eines Verzeichnisdienstes;Alle anderen Rechte und Informationen SOLLTEN gelöscht werden.;Standard
APP.2.1.A14;Geregelte Außerbetriebnahme eines Verzeichnisdienstes;Zudem SOLLTEN die Benutzenden darüber informiert werden, wenn ein Verzeichnisdienst außer Betrieb genommen wird.;Standard
APP.2.1.A14;Geregelte Außerbetriebnahme eines Verzeichnisdienstes;Bei der Außerbetriebnahme einzelner Partitionen eines Verzeichnisdienstes SOLLTE darauf geachtet werden, dass dadurch andere Partitionen nicht beeinträchtigt werden.;Standard
APP.2.1.A15;Migration von Verzeichnisdiensten;Bei einer geplanten Migration von Verzeichnisdiensten SOLLTE vorab ein Migrationskonzept erstellt werden.;Standard
APP.2.1.A15;Migration von Verzeichnisdiensten;In dem Migrationskonzept SOLLTE berücksichtigt werden, ob das Berechtigungsmanagement von altem und neuem Verzeichnisdienst analog funktioniert oder ob neue Berechtigungsstrukturen erforderlich sind.;Standard
APP.2.1.A15;Migration von Verzeichnisdiensten;Die Schema-Änderungen, die am Verzeichnisdienst vorgenommen wurden, SOLLTEN vor der Migration analysiert und dokumentiert werden.;Standard
APP.2.1.A15;Migration von Verzeichnisdiensten;Weitreichende Berechtigungen, die dazu verwendet wurden, die Migration des Verzeichnisdienstes durchzuführen, SOLLTEN wieder zurückgesetzt werden.;Standard
APP.2.1.A15;Migration von Verzeichnisdiensten;Bei der Migration SOLLTE berücksichtigt werden, dass IT-Systeme, die auf den Verzeichnisdienst zugreifen, gegebenenfalls lokale Caches vorhalten oder aus anderen Gründen dort eine Aktualisierung der migrierten Verzeichnisdienstinhalte initiiert werden muss.;Standard
APP.2.1.A18;Planung einer Replikation im Verzeichnisdienst;Bei jeder Replikation MUSS festgelegt werden, welches Ziel diese Replikation verfolgt.;Standard
APP.2.1.A18;Planung einer Replikation im Verzeichnisdienst;Dafür SOLLTEN eine Replikationstopologie und -strategie gewählt werden, die zum Ziel bzw. Einsatzszenario passen.;Standard
APP.2.1.A18;Planung einer Replikation im Verzeichnisdienst;Bei Replikationen, die nicht der Hochverfügbarkeit des Dienstes dienen, MUSS der replizierte Inhalt des Verzeichnisdienstes auf die erforderlichen Objekte beschränkt werden.;Standard
APP.2.1.A18;Planung einer Replikation im Verzeichnisdienst;Um die Replikationen zeitgerecht ausführen zu können, SOLLTE eine ausreichende Bandbreite sichergestellt werden.;Standard
APP.2.1.A19;Umgang mit anonymen Zugriffen auf Verzeichnisdienste;Sollen anonymen Benutzenden auf einzelne Teilbereiche des Verzeichnisbaums Zugriffe eingeräumt werden, so SOLLTE hierfür ein Proxy-Dienst vorgelagert werden.;Standard
APP.2.1.A19;Umgang mit anonymen Zugriffen auf Verzeichnisdienste;Dieser Proxy-Dienst SOLLTE über ein gesondertes Konto, einen sogenannten Proxy-User, auf den eigentlichen Verzeichnisdienst zugreifen.;Standard
APP.2.1.A19;Umgang mit anonymen Zugriffen auf Verzeichnisdienste;Die Zugriffsrechte für diesen Proxy-User SOLLTEN hinreichend restriktiv vergeben werden.;Standard
APP.2.1.A19;Umgang mit anonymen Zugriffen auf Verzeichnisdienste;Sie SOLLTEN zudem wieder komplett entzogen werden, wenn der Account nicht mehr gebraucht wird.;Standard
APP.2.1.A19;Umgang mit anonymen Zugriffen auf Verzeichnisdienste;Damit nicht versehentlich schutzbedürftige Informationen herausgegeben werden, SOLLTE die Suchfunktion des Verzeichnisdienstes dem Einsatzzweck angemessen eingeschränkt werden.;Standard
APP.2.1.A16;Erstellung eines Notfallplans für den Ausfall eines Verzeichnisdienstes;Im Rahmen der Notfallvorsorge SOLLTE es eine bedarfsgerechte Notfallplanung für Verzeichnisdienste geben.;Hoch
APP.2.1.A16;Erstellung eines Notfallplans für den Ausfall eines Verzeichnisdienstes;Für den Ausfall wichtiger Verzeichnisdienst-Systeme SOLLTEN Notfallpläne vorliegen.;Hoch
APP.2.1.A16;Erstellung eines Notfallplans für den Ausfall eines Verzeichnisdienstes;Alle Notfall-Prozeduren für die gesamte Systemkonfiguration der Verzeichnisdienst-Komponenten SOLLTEN dokumentiert werden.;Hoch
APP.2.1.A20;Absicherung der Replikation;Replikationen von vertraulichen Inhalten SOLLTEN zusätzlich zu einer Verschlüsselung auf Applikations- oder Transportebene durch z. B. IPsec gesichert werden.;Hoch
APP.2.1.A20;Absicherung der Replikation;Für die Authentisierung im Rahmen der Replikation SOLLTEN möglichst starke Authentisierungsverfahren verwendet werden.;Hoch
APP.2.1.A21;Hochverfügbarkeit des Verzeichnisdienstes;Es SOLLTE eine geeignete Strategie zur Hochverfügbarkeit gewählt werden.;Hoch
APP.2.1.A21;Hochverfügbarkeit des Verzeichnisdienstes;Hierbei SOLLTE entschieden werden, ob eine Master-Master-Replikation oder Master-Replica-Replikation (früher als Master-Slave-Replikation bezeichnet) geeigneter ist.;Hoch
APP.2.1.A21;Hochverfügbarkeit des Verzeichnisdienstes;Es SOLLTEN auch Randbedingungen wie verteilte Standorte oder Verhalten bei Inkonsistenzen berücksichtigt werden.;Hoch
