ID-Anforderung;Titel;Inhalt;Typ
IND.2.2.A1;Erweiterte Systemdokumentation für Speicherprogrammierbare Steuerungen;Steuerungsprogramme und Konfigurationen SOLLTEN immer gesichert werden, bevor an ihnen etwas verändert wird.;Standard
IND.2.2.A1;Erweiterte Systemdokumentation für Speicherprogrammierbare Steuerungen;Änderungen an der Konfiguration oder der Tausch von Komponenten SOLLTEN vollständig dokumentiert werden.;Standard
IND.2.2.A2;ENTFALLEN;Diese Anforderung ist entfallen.;Standard
IND.2.2.A3;Zeitsynchronisation;Die Systemzeit SOLLTE automatisch über eine zentrale automatisierte Zeitsynchronisation eingestellt werden.;Standard
