ID-Anforderung;Titel;Inhalt;Typ
CON.3.A1;Erhebung der Einflussfaktoren für Datensicherungen;Der IT-Betrieb MUSS für jedes IT-System und darauf ausgeführten Anwendungen die Rahmenbedingungen für die Datensicherung erheben.;Basis
CON.3.A1;Erhebung der Einflussfaktoren für Datensicherungen;Dazu MÜSSEN die Fachverantwortlichen für die Anwendungen ihre Anforderungen an die Datensicherung definieren.;Basis
CON.3.A1;Erhebung der Einflussfaktoren für Datensicherungen;Der IT-Betrieb MUSS mindestens die nachfolgenden Rahmenbedingungen mit den Fachverantwortlichen abstimmen:;Basis
CON.3.A1;Erhebung der Einflussfaktoren für Datensicherungen;zu sichernde Daten,;Basis
CON.3.A1;Erhebung der Einflussfaktoren für Datensicherungen;Speichervolumen,;Basis
CON.3.A1;Erhebung der Einflussfaktoren für Datensicherungen;Änderungsvolumen,;Basis
CON.3.A1;Erhebung der Einflussfaktoren für Datensicherungen;Änderungszeitpunkte,;Basis
CON.3.A1;Erhebung der Einflussfaktoren für Datensicherungen;Verfügbarkeitsanforderungen,;Basis
CON.3.A1;Erhebung der Einflussfaktoren für Datensicherungen;Vertraulichkeitsanforderungen,;Basis
CON.3.A1;Erhebung der Einflussfaktoren für Datensicherungen;Integritätsbedarf,;Basis
CON.3.A1;Erhebung der Einflussfaktoren für Datensicherungen;rechtliche Anforderungen,;Basis
CON.3.A1;Erhebung der Einflussfaktoren für Datensicherungen;Anforderungen an das Löschen und Vernichten der Daten sowie;Basis
CON.3.A1;Erhebung der Einflussfaktoren für Datensicherungen;Zuständigkeiten für die Datensicherung.;Basis
CON.3.A1;Erhebung der Einflussfaktoren für Datensicherungen;Die Einflussfaktoren MÜSSEN nachvollziehbar und auf geeignete Weise festgehalten werden.;Basis
CON.3.A1;Erhebung der Einflussfaktoren für Datensicherungen;Neue Anforderungen MÜSSEN zeitnah berücksichtigt werden.;Basis
CON.3.A2;Festlegung der Verfahrensweisen für die Datensicherung;Der IT-Betrieb MUSS Verfahren festlegen, wie die Daten gesichert werden.;Basis
CON.3.A2;Festlegung der Verfahrensweisen für die Datensicherung;Für die Datensicherungsverfahren MÜSSEN Art, Häufigkeit und Zeitpunkte der Datensicherungen bestimmt werden.;Basis
CON.3.A2;Festlegung der Verfahrensweisen für die Datensicherung;Dies MUSS wiederum auf Basis der erhobenen Einflussfaktoren und in Abstimmung mit den jeweiligen Fachverantwortlichen geschehen.;Basis
CON.3.A2;Festlegung der Verfahrensweisen für die Datensicherung;Auch MUSS definiert sein, welche Speichermedien benutzt werden und wie die Transport- und Aufbewahrungsmodalitäten ausgestaltet sein müssen.;Basis
CON.3.A2;Festlegung der Verfahrensweisen für die Datensicherung;Datensicherungen MÜSSEN immer auf separaten Speichermedien für die Datensicherung gespeichert werden.;Basis
CON.3.A2;Festlegung der Verfahrensweisen für die Datensicherung;Besonders schützenswerte Speichermedien für die Datensicherung SOLLTEN nur während der Datensicherung und Datenwiederherstellung mit dem Netz der Institution oder dem Ursprungssystem verbunden werden.;Basis
CON.3.A2;Festlegung der Verfahrensweisen für die Datensicherung;In virtuellen Umgebungen sowie für Storage-Systeme SOLLTE geprüft werden, ob das IT-System ergänzend durch Snapshot-Mechanismen gesichert werden kann, um hierdurch mehrere schnell wiederherstellbare Zwischenversionen zwischen den vollständigen Datensicherungen zu erstellen.;Basis
CON.3.A3;ENTFALLEN;Diese Anforderung ist entfallen.;Basis
CON.3.A4;Erstellung von Datensicherungsplänen;Der IT-Betrieb MUSS Datensicherungspläne je IT-System oder Gruppe von IT-Systemen auf Basis der festgelegten Verfahrensweise für die Datensicherung erstellen.;Basis
CON.3.A4;Erstellung von Datensicherungsplänen;Diese MÜSSEN festlegen, welche Anforderungen für die Datensicherung mindestens einzuhalten sind.;Basis
CON.3.A4;Erstellung von Datensicherungsplänen;Die Datensicherungspläne MÜSSEN mindestens eine kurze Beschreibung dazu enthalten:;Basis
CON.3.A4;Erstellung von Datensicherungsplänen;welche IT-Systeme und welche darauf befindlichen Daten durch welche Datensicherung gesichert werden,;Basis
CON.3.A4;Erstellung von Datensicherungsplänen;in welcher Reihenfolge IT-System und Anwendungen wiederhergestellt werden,;Basis
CON.3.A4;Erstellung von Datensicherungsplänen;wie die Datensicherungen erstellt und wiederhergestellt werden können,;Basis
CON.3.A4;Erstellung von Datensicherungsplänen;wie lange Datensicherungen aufbewahrt werden,;Basis
CON.3.A4;Erstellung von Datensicherungsplänen;wie die Datensicherungen vor unbefugtem Zugriff und Überschreiben gesichert werden,;Basis
CON.3.A4;Erstellung von Datensicherungsplänen;welche Parameter zu wählen sind sowie;Basis
CON.3.A4;Erstellung von Datensicherungsplänen;welche Hard- und Software eingesetzt wird.;Basis
CON.3.A5;Regelmäßige Datensicherung;Regelmäßige Datensicherungen MÜSSEN gemäß den Datensicherungsplänen erstellt werden.;Basis
CON.3.A5;Regelmäßige Datensicherung;Alle Mitarbeitenden MÜSSEN über die Regelungen zur Datensicherung informiert sein.;Basis
CON.3.A5;Regelmäßige Datensicherung;Auch MÜSSEN sie darüber informiert werden, welche Aufgaben sie bei der Erstellung von Datensicherungen haben.;Basis
CON.3.A12;Sichere Aufbewahrung der Speichermedien für die Datensicherungen;Die Speichermedien für die Datensicherung MÜSSEN räumlich getrennt von den gesicherten IT-Systemen aufbewahrt werden.;Basis
CON.3.A12;Sichere Aufbewahrung der Speichermedien für die Datensicherungen;Sie SOLLTEN in einem anderen Brandabschnitt aufbewahrt werden.;Basis
CON.3.A12;Sichere Aufbewahrung der Speichermedien für die Datensicherungen;Der Aufbewahrungsort SOLLTE so klimatisiert sein, dass die Datenträger entsprechend der zeitlichen Vorgaben des Datensicherungskonzepts aufbewahrt werden können.;Basis
CON.3.A14;Schutz von Datensicherungen;Die erstellten Datensicherungen MÜSSEN in geeigneter Weise vor unbefugtem Zugriff geschützt werden.;Basis
CON.3.A14;Schutz von Datensicherungen;Hierbei MUSS insbesondere sichergestellt werden, dass Datensicherungen nicht absichtlich oder unbeabsichtigt überschrieben werden können.;Basis
CON.3.A14;Schutz von Datensicherungen;IT-Systeme, die für die Datensicherung eingesetzt werden, SOLLTEN einen schreibenden Zugriff auf die Speichermedien für die Datensicherung nur für autorisierte Datensicherungen oder autorisierte Administrationstätigkeiten gestatten.;Basis
CON.3.A14;Schutz von Datensicherungen;Alternativ SOLLTEN die Speichermedien für die Datensicherung nur für autorisierte Datensicherungen oder autorisierte Administrationstätigkeiten mit den entsprechenden IT-Systemen verbunden werden.;Basis
CON.3.A15;Regelmäßiges Testen der Datensicherungen;Es MUSS regelmäßig getestet werden, ob die Datensicherungen wie gewünscht funktionieren, vor allem, ob gesicherte Daten einwandfrei und in angemessener Zeit zurückgespielt werden können.;Basis
CON.3.A6;Entwicklung eines Datensicherungskonzepts;Die Institution SOLLTE ein Datensicherungskonzept erstellen, dass mindestens die nachfolgenden Punkte umfasst:;Standard
CON.3.A6;Entwicklung eines Datensicherungskonzepts;Definitionen zu wesentlichen Aspekten der Datensicherung (z. B. unterschiedliche Verfahrensweisen zur Datensicherung),;Standard
CON.3.A6;Entwicklung eines Datensicherungskonzepts;Gefährdungslage,;Standard
CON.3.A6;Entwicklung eines Datensicherungskonzepts;Einflussfaktoren je IT-System oder Gruppe von IT-Systemen,;Standard
CON.3.A6;Entwicklung eines Datensicherungskonzepts;Datensicherungspläne je IT-System oder Gruppe von IT-Systemen sowie;Standard
CON.3.A6;Entwicklung eines Datensicherungskonzepts;relevante Ergebnisse des Notfallmanagements/BCM, insbesondere die Recovery Point Objective (RPO) je IT-System oder Gruppe von IT-Systemen.;Standard
CON.3.A6;Entwicklung eines Datensicherungskonzepts;Der IT-Betrieb SOLLTE das Datensicherungskonzept mit den jeweiligen Fachverantwortlichen der betreffenden Anwendungen abstimmen.;Standard
CON.3.A6;Entwicklung eines Datensicherungskonzepts;Wird ein zentrales Datensicherungssystem für die Sicherung der Daten eingesetzt, SOLLTE beachtet werden, dass sich aufgrund der Konzentration der Daten ein höherer Schutzbedarf ergeben kann.;Standard
CON.3.A6;Entwicklung eines Datensicherungskonzepts;Datensicherungen SOLLTEN regelmäßig gemäß dem Datensicherungskonzept durchgeführt werden.;Standard
CON.3.A6;Entwicklung eines Datensicherungskonzepts;Das Datensicherungskonzept selbst SOLLTE auch in einer Datensicherung enthalten sein.;Standard
CON.3.A6;Entwicklung eines Datensicherungskonzepts;Die im Datensicherungskonzept enthaltenen technischen Informationen, um Systeme und Datensicherungen wiederherzustellen (Datensicherungspläne), SOLLTEN in der Art gesichert werden, dass sie auch verfügbar sind, wenn die Datensicherungssysteme selbst ausfallen.;Standard
CON.3.A6;Entwicklung eines Datensicherungskonzepts;Die Mitarbeitenden SOLLTEN über den Teil des Datensicherungskonzepts unterrichtet werden, der sie betrifft.;Standard
CON.3.A6;Entwicklung eines Datensicherungskonzepts;Regelmäßig SOLLTE kontrolliert werden, ob das Datensicherungskonzept korrekt umgesetzt wird.;Standard
CON.3.A7;Beschaffung eines geeigneten Datensicherungssystems;Bevor ein Datensicherungssystem beschafft wird, SOLLTE der IT-Betrieb eine Anforderungsliste erstellen, nach der die am Markt erhältlichen Produkte bewertet werden.;Standard
CON.3.A7;Beschaffung eines geeigneten Datensicherungssystems;Die angeschafften Datensicherungssysteme SOLLTEN die Anforderungen des Datensicherungskonzepts der Institution erfüllen.;Standard
CON.3.A8;ENTFALLEN;Diese Anforderung ist entfallen.;Standard
CON.3.A9;Voraussetzungen für die Online-Datensicherung;Wenn für die Datensicherung ein Online-Speicher genutzt werden soll, SOLLTEN mindestens folgende Punkte vertraglich geregelt werden:;Standard
CON.3.A9;Voraussetzungen für die Online-Datensicherung;Gestaltung des Vertrages,;Standard
CON.3.A9;Voraussetzungen für die Online-Datensicherung;Ort der Datenspeicherung,;Standard
CON.3.A9;Voraussetzungen für die Online-Datensicherung;Vereinbarungen zur Dienstgüte (SLA), insbesondere in Hinsicht auf die Verfügbarkeit,;Standard
CON.3.A9;Voraussetzungen für die Online-Datensicherung;geeignete Authentisierungsmethoden für den Zugriff,;Standard
CON.3.A9;Voraussetzungen für die Online-Datensicherung;Verschlüsselung der Daten auf dem Online-Speicher sowie;Standard
CON.3.A9;Voraussetzungen für die Online-Datensicherung;Verschlüsselung auf dem Transportweg.;Standard
CON.3.A9;Voraussetzungen für die Online-Datensicherung;Zudem SOLLTEN Sicherungssystem und Netzanbindung so beschaffen sein, dass die zulässigen Sicherungs- bzw. Wiederherstellungszeiten nicht überschritten werden.;Standard
CON.3.A10;ENTFALLEN;Diese Anforderung ist entfallen.;Standard
CON.3.A11;ENTFALLEN;Diese Anforderung ist entfallen.;Standard
CON.3.A13;Einsatz kryptografischer Verfahren bei der Datensicherung;Um die Vertraulichkeit der gesicherten Daten zu gewährleisten, SOLLTE der IT-Betrieb alle Datensicherungen verschlüsseln.;Hoch
CON.3.A13;Einsatz kryptografischer Verfahren bei der Datensicherung;Es SOLLTE sichergestellt werden, dass sich die verschlüsselten Daten auch nach längerer Zeit wieder einspielen lassen.;Hoch
CON.3.A13;Einsatz kryptografischer Verfahren bei der Datensicherung;Verwendete kryptografische Schlüssel SOLLTEN mit einer getrennten Datensicherung geschützt werden.;Hoch
