ID-Anforderung;Titel;Inhalt;Typ
DER.4.A1;Erstellung eines Notfallhandbuchs;Es SOLLTE ein Notfallhandbuch erstellt werden, in dem die wichtigsten Informationen zu;Standard
DER.4.A1;Erstellung eines Notfallhandbuchs;Rollen,;Standard
DER.4.A1;Erstellung eines Notfallhandbuchs;Sofortmaßnahmen,;Standard
DER.4.A1;Erstellung eines Notfallhandbuchs;Alarmierung und Eskalation sowie;Standard
DER.4.A1;Erstellung eines Notfallhandbuchs;Kommunikations-, grundsätzlichen Geschäftsfortführungs-, Wiederanlauf- und Wiederherstellungsplänen;Standard
DER.4.A1;Erstellung eines Notfallhandbuchs;enthalten sind.;Standard
DER.4.A1;Erstellung eines Notfallhandbuchs;Zuständigkeiten und Befugnisse SOLLTEN zugewiesen, kommuniziert und im Notfallhandbuch festgehalten werden.;Standard
DER.4.A1;Erstellung eines Notfallhandbuchs;Es SOLLTE sichergestellt sein, dass im Notfall entsprechend geschultes Personal zur Verfügung steht.;Standard
DER.4.A1;Erstellung eines Notfallhandbuchs;Es SOLLTE regelmäßig durch Tests und Übungen überprüft werden, ob die im Notfallhandbuch beschriebenen Maßnahmen auch wie vorgesehen funktionieren.;Standard
DER.4.A1;Erstellung eines Notfallhandbuchs;Es SOLLTE regelmäßig geprüft werden, ob das Notfallhandbuch noch aktuell ist.;Standard
DER.4.A1;Erstellung eines Notfallhandbuchs;Gegebenenfalls SOLLTE es aktualisiert werden.;Standard
DER.4.A1;Erstellung eines Notfallhandbuchs;Es SOLLTE auch im Notfall zugänglich sein.;Standard
DER.4.A1;Erstellung eines Notfallhandbuchs;Das Notfallhandbuch SOLLTE um Verhaltensregeln für spezielle Fälle ergänzt werden, z. B. Brand.;Standard
DER.4.A1;Erstellung eines Notfallhandbuchs;Die Regeln SOLLTEN allen Mitarbeitenden bekanntgegeben werden.;Standard
DER.4.A2;Integration von Notfallmanagement und Informationssicherheitsmanagement;Die Prozesse im Sicherheitsmanagement SOLLTEN mit dem Notfallmanagement abgestimmt werden (siehe DER.2.1 Behandlung von Sicherheitsvorfällen).;Standard
DER.4.A3;Festlegung des Geltungsbereichs und der Notfallmanagementstrategie;Der Geltungsbereich für das Notfallmanagementsystem SOLLTE eindeutig festgelegt werden.;Hoch
DER.4.A3;Festlegung des Geltungsbereichs und der Notfallmanagementstrategie;Die Institutionsleitung SOLLTE eine Notfallmanagementstrategie festlegen, welche die angestrebten Ziele und das Risikoakzeptanzniveau darlegen.;Hoch
DER.4.A4;Leitlinie zum Notfallmanagement und Übernahme der Gesamtverantwortung durch die Institutionsleitung;Die Institutionsleitung SOLLTE eine Leitlinie zum Notfallmanagement verabschieden.;Hoch
DER.4.A4;Leitlinie zum Notfallmanagement und Übernahme der Gesamtverantwortung durch die Institutionsleitung;Diese SOLLTE die wesentlichen Eckpunkte des Notfallmanagements enthalten.;Hoch
DER.4.A4;Leitlinie zum Notfallmanagement und Übernahme der Gesamtverantwortung durch die Institutionsleitung;Die Leitlinie zum Notfallmanagement SOLLTE regelmäßig überprüft und gegebenenfalls überarbeitet werden.;Hoch
DER.4.A4;Leitlinie zum Notfallmanagement und Übernahme der Gesamtverantwortung durch die Institutionsleitung;Sie SOLLTE allen Mitarbeitenden bekanntgegeben werden.;Hoch
DER.4.A5;Aufbau einer geeigneten Organisationsstruktur für das Notfallmanagement;Die Rollen für das Notfallmanagement SOLLTEN für die Gegebenheiten der Institution angemessen festgelegt werden.;Hoch
DER.4.A5;Aufbau einer geeigneten Organisationsstruktur für das Notfallmanagement;Dies SOLLTE mit den Aufgaben, Pflichten und Kompetenzen der Rollen schriftlich dokumentiert werden.;Hoch
DER.4.A5;Aufbau einer geeigneten Organisationsstruktur für das Notfallmanagement;Es SOLLTEN für alle Rollen im Notfallmanagement qualifizierte Mitarbeitende benannt werden.;Hoch
DER.4.A5;Aufbau einer geeigneten Organisationsstruktur für das Notfallmanagement;Die Organisationsstruktur im Notfallmanagement SOLLTE regelmäßig darauf überprüft werden, ob sie praxistauglich, effektiv und effizient ist.;Hoch
DER.4.A6;Bereitstellung angemessener Ressourcen für das Notfallmanagement;Die finanziellen, technischen und personellen Ressourcen für die angestrebten Ziele des Notfallmanagements SOLLTEN angemessen sein.;Hoch
DER.4.A6;Bereitstellung angemessener Ressourcen für das Notfallmanagement;Der oder die Notfallbeauftragte bzw. das Notfallmanagement-Team SOLLTE über genügend Zeit für die Aufgaben im Notfallmanagement verfügen.;Hoch
DER.4.A7;Erstellung eines Notfallkonzepts;Alle kritischen Geschäftsprozesse und Ressourcen SOLLTEN identifiziert werden, beispielsweise mit einer Business-Impact-Analyse (BIA).;Hoch
DER.4.A7;Erstellung eines Notfallkonzepts;Es SOLLTEN die wichtigsten relevanten Risiken für die kritischen Geschäftsprozesse und Fachaufgaben sowie deren Ressourcen identifiziert werden.;Hoch
DER.4.A7;Erstellung eines Notfallkonzepts;Für jedes identifizierte Risiko SOLLTE entschieden werden, welche Risikostrategien zur Risikobehandlung eingesetzt werden sollen.;Hoch
DER.4.A7;Erstellung eines Notfallkonzepts;Es SOLLTEN Kontinuitätsstrategien entwickelt werden, die einen Wiederanlauf und eine Wiederherstellung der kritischen Geschäftsprozesse in der geforderten Zeit ermöglichen.;Hoch
DER.4.A7;Erstellung eines Notfallkonzepts;Es SOLLTE ein Notfallkonzept erstellt werden.;Hoch
DER.4.A7;Erstellung eines Notfallkonzepts;Es SOLLTEN solche Notfallpläne und Maßnahmen entwickelt und implementiert werden, die eine effektive Notfallbewältigung und eine schnelle Wiederaufnahme der kritischen Geschäftsprozesse ermöglichen.;Hoch
DER.4.A7;Erstellung eines Notfallkonzepts;Im Notfallkonzept SOLLTE die Informationssicherheit berücksichtigt und entsprechende Sicherheitskonzepte für die Notfalllösungen entwickelt werden.;Hoch
DER.4.A8;Integration der Mitarbeitenden in den Notfallmanagement-Prozess;Alle Mitarbeitenden SOLLTEN regelmäßig für das Thema Notfallmanagement sensibilisiert werden.;Hoch
DER.4.A8;Integration der Mitarbeitenden in den Notfallmanagement-Prozess;Zum Notfallmanagement SOLLTE es ein Schulungs- und Sensibilisierungskonzept geben.;Hoch
DER.4.A8;Integration der Mitarbeitenden in den Notfallmanagement-Prozess;Die Mitarbeitenden im Notfallmanagement-Team SOLLTEN regelmäßig geschult werden, um die benötigten Kompetenzen aufzubauen.;Hoch
DER.4.A9;Integration von Notfallmanagement in organisationsweite Abläufe und Prozesse;Es SOLLTE sichergestellt werden, dass Aspekte des Notfallmanagements in allen Geschäftsprozessen und Fachaufgaben der Institution berücksichtigt werden.;Hoch
DER.4.A9;Integration von Notfallmanagement in organisationsweite Abläufe und Prozesse;Die Prozesse, Vorgaben und Verantwortlichkeiten im Notfallmanagement SOLLTEN mit dem Risikomanagement und Krisenmanagement abgestimmt werden.;Hoch
DER.4.A10;Tests und Notfallübungen;Alle wesentlichen Sofortmaßnahmen und Notfallpläne SOLLTEN in angemessener Weise regelmäßig und anlassbezogen getestet und geübt werden.;Hoch
DER.4.A10;Tests und Notfallübungen;Der zeitliche Rahmen und die fachliche Abdeckung aller Übungen SOLLTEN übergreifend in einem Übungsplan dokumentiert werden.;Hoch
DER.4.A10;Tests und Notfallübungen;Im Notfallmanagement SOLLTEN ausreichend Ressourcen für die Planung, Konzeption, Durchführung und Auswertung der Tests und Übungen bereitgestellt werden.;Hoch
DER.4.A11;ENTFALLEN;Diese Anforderung ist entfallen.;Hoch
DER.4.A12;Dokumentation im Notfallmanagement-Prozess;Der Ablauf des Notfallmanagement-Prozesses, die Arbeitsergebnisse der einzelnen Phasen und wichtige Entscheidungen SOLLTEN dokumentiert werden.;Hoch
DER.4.A12;Dokumentation im Notfallmanagement-Prozess;Ein festgelegtes Verfahren SOLLTE sicherstellen, dass diese Dokumente regelmäßig aktualisiert werden.;Hoch
DER.4.A12;Dokumentation im Notfallmanagement-Prozess;Darüber hinaus SOLLTE der Zugriff auf die Dokumentation auf autorisierte Personen beschränkt werden.;Hoch
DER.4.A13;Überprüfung und Steuerung des Notfallmanagement-Systems;Die Institutionsleitung SOLLTE sich regelmäßig anhand von Managementberichten über den Stand des Notfallmanagements informieren.;Hoch
DER.4.A13;Überprüfung und Steuerung des Notfallmanagement-Systems;Sie SOLLTE so das Notfallmanagement-System regelmäßig überprüfen, bewerten und gegebenenfalls korrigieren.;Hoch
DER.4.A14;Regelmäßige Überprüfung und Verbesserung der Notfallmaßnahmen;Alle Notfallmaßnahmen SOLLTEN regelmäßig oder bei größeren Änderungen daraufhin überprüft werden, ob sie noch eingehalten und korrekt umgesetzt werden.;Hoch
DER.4.A14;Regelmäßige Überprüfung und Verbesserung der Notfallmaßnahmen;Es SOLLTE geprüft werden, ob sie sich noch dazu eignen, die definierten Ziele zu erreichen.;Hoch
DER.4.A14;Regelmäßige Überprüfung und Verbesserung der Notfallmaßnahmen;Dabei SOLLTE untersucht werden, ob technische Maßnahmen korrekt implementiert und konfiguriert wurden und ob organisatorische Maßnahmen effektiv und effizient umgesetzt sind.;Hoch
DER.4.A14;Regelmäßige Überprüfung und Verbesserung der Notfallmaßnahmen;Bei Abweichungen SOLLTEN die Ursachen für die Mängel ermittelt und Verbesserungsmaßnahmen veranlasst werden.;Hoch
DER.4.A14;Regelmäßige Überprüfung und Verbesserung der Notfallmaßnahmen;Diese Ergebnisübersicht SOLLTE von der Institutionsleitung freigegeben werden.;Hoch
DER.4.A14;Regelmäßige Überprüfung und Verbesserung der Notfallmaßnahmen;Es SOLLTE zudem ein Prozess etabliert werden, der steuert und überwacht, ob und wie die Verbesserungsmaßnahmen umgesetzt werden.;Hoch
DER.4.A14;Regelmäßige Überprüfung und Verbesserung der Notfallmaßnahmen;Verzögerungen SOLLTEN frühzeitig an die Institutionsleitung gemeldet werden.;Hoch
DER.4.A14;Regelmäßige Überprüfung und Verbesserung der Notfallmaßnahmen;Es SOLLTE von der Institutionsleitung festgelegt sein, wie die Überprüfungen koordiniert werden.;Hoch
DER.4.A14;Regelmäßige Überprüfung und Verbesserung der Notfallmaßnahmen;Die Überprüfungen SOLLTEN so geplant werden, dass kein relevanter Teil ausgelassen wird.;Hoch
DER.4.A14;Regelmäßige Überprüfung und Verbesserung der Notfallmaßnahmen;Insbesondere SOLLTEN die im Bereich der Revision, der IT, des Sicherheitsmanagements, des Informationssicherheitsmanagements und des Notfallmanagements durchgeführten Überprüfungen miteinander koordiniert werden.;Hoch
DER.4.A14;Regelmäßige Überprüfung und Verbesserung der Notfallmaßnahmen;Dazu SOLLTE geregelt werden, welche Maßnahmen wann und von wem überprüft werden.;Hoch
DER.4.A15;Bewertung der Leistungsfähigkeit des Notfallmanagementsystems;Es SOLLTE regelmäßig bewertet werden, wie leistungsfähig und effektiv das Notfallmanagement-System ist.;Hoch
DER.4.A15;Bewertung der Leistungsfähigkeit des Notfallmanagementsystems;Als Grundlage SOLLTEN Mess- und Bewertungskriterien wie z. B. Leistungskennzahlen definiert werden.;Hoch
DER.4.A15;Bewertung der Leistungsfähigkeit des Notfallmanagementsystems;Diese Messgrößen SOLLTEN regelmäßig ermittelt und mit geeigneten vorangegangenen Werten, mindestens aber mit den Vorjahreswerten, verglichen werden.;Hoch
DER.4.A15;Bewertung der Leistungsfähigkeit des Notfallmanagementsystems;Weichen die Werte negativ ab, SOLLTEN die Ursachen ermittelt und Verbesserungsmaßnahmen definiert werden.;Hoch
DER.4.A15;Bewertung der Leistungsfähigkeit des Notfallmanagementsystems;Die Ergebnisse der Bewertung SOLLTEN an die Leitung berichtet werden.;Hoch
DER.4.A15;Bewertung der Leistungsfähigkeit des Notfallmanagementsystems;Die Leitung SOLLTE entscheiden, mit welchen Maßnahmen das Notfallmanagement weiterentwickelt werden soll.;Hoch
DER.4.A15;Bewertung der Leistungsfähigkeit des Notfallmanagementsystems;Alle Entscheidungen der Institutionsleitung SOLLTEN dokumentiert und die bisherigen Aufzeichnungen aktualisiert werden.;Hoch
DER.4.A16;Notfallvorsorge- und Notfallreaktionsplanung für ausgelagerte Komponenten;Bei der Notfallvorsorge- und Notfallreaktionsplanung für ausgelagerte Komponenten SOLLTE regelmäßig das Notfallmanagement der liefernden oder dienstleistenden Institution in den unterzeichneten Verträgen geprüft werden.;Hoch
DER.4.A16;Notfallvorsorge- und Notfallreaktionsplanung für ausgelagerte Komponenten;Auch SOLLTEN die Abläufe in Notfalltests und -übungen mit der liefernden oder bereitstellenden Institution abgestimmt und, wenn angemessen, gemeinsam durchgeführt werden.;Hoch
DER.4.A16;Notfallvorsorge- und Notfallreaktionsplanung für ausgelagerte Komponenten;Die Ergebnisse und Auswertungen SOLLTEN regelmäßig zwischen der Institutionsleitung und den liefernden Institutionen oder Dienstleistenden ausgetauscht werden.;Hoch
DER.4.A16;Notfallvorsorge- und Notfallreaktionsplanung für ausgelagerte Komponenten;In den Auswertungen SOLLTEN auch eventuelle Verbesserungsmaßnahmen enthalten sein.;Hoch
