ID-Anforderung;Titel;Inhalt;Typ
SYS.1.6.A1;Planung des Container-Einsatzes;Bevor Container eingesetzt werden, MUSS zunächst das Ziel des Container-Einsatzes (z. B. Skalierung, Verfügbarkeit, Wegwerf-Container zur Sicherheit oder CI/CD) festgelegt werden, damit alle sicherheitsrelevanten Aspekte der Installation, des Betriebs und der Außerbetriebnahme geplant werden können.;Basis
SYS.1.6.A1;Planung des Container-Einsatzes;Bei der Planung SOLLTE auch der Betriebsaufwand berücksichtigt werden, der durch Container-Einsatz oder Mischbetrieb entsteht.;Basis
SYS.1.6.A1;Planung des Container-Einsatzes;Die Planung MUSS angemessen dokumentiert werden.;Basis
SYS.1.6.A2;Planung der Verwaltung von Containern;Die Verwaltung der Container DARF NUR nach einer geeigneten Planung erfolgen.;Basis
SYS.1.6.A2;Planung der Verwaltung von Containern;Diese Planung MUSS den gesamten Lebenszyklus von Inbetrieb- bis Außerbetriebnahme inklusive Betrieb und Updates umfassen.;Basis
SYS.1.6.A2;Planung der Verwaltung von Containern;Bei der Planung der Verwaltung MUSS berücksichtigt werden, dass Erstellende eines Containers aufgrund der Auswirkungen auf den Betrieb in Teilen wie Administrierende zu betrachten sind.;Basis
SYS.1.6.A2;Planung der Verwaltung von Containern;Start, Stopp und Überwachung der Container MUSS über die eingesetzte Verwaltungssoftware erfolgen.;Basis
SYS.1.6.A3;Sicherer Einsatz containerisierter IT-Systeme;Bei containerisierten IT-Systemen MUSS berücksichtigt werden, wie sich eine Containerisierung auf die betriebenen IT-Systeme und Anwendungen auswirkt, dies betrifft insbesondere die Verwaltung und Eignung der Anwendungen.;Basis
SYS.1.6.A3;Sicherer Einsatz containerisierter IT-Systeme;Es MUSS anhand des Schutzbedarfs der Anwendungen geprüft werden, ob die Anforderungen an die Isolation und Kapselung der containerisierten IT-Systeme und der virtuellen Netze sowie der betriebenen Anwendungen hinreichend erfüllt sind.;Basis
SYS.1.6.A3;Sicherer Einsatz containerisierter IT-Systeme;In diese Prüfung SOLLTEN die betriebssystemeigenen Mechanismen mit einbezogen werden.;Basis
SYS.1.6.A3;Sicherer Einsatz containerisierter IT-Systeme;Für die virtuellen Netze nimmt der Host die Funktion einer Netzkomponente wahr, die Bausteine der Teilschichten NET.1 Netze und NET.3 Netzkomponenten MÜSSEN entsprechend berücksichtigt werden.;Basis
SYS.1.6.A3;Sicherer Einsatz containerisierter IT-Systeme;Logische und Overlay-Netze MÜSSEN ebenfalls betrachtet und modelliert werden.;Basis
SYS.1.6.A3;Sicherer Einsatz containerisierter IT-Systeme;Weiterhin MÜSSEN die eingesetzten containerisierten IT-Systeme den Anforderungen an die Verfügbarkeit und den Datendurchsatz genügen.;Basis
SYS.1.6.A3;Sicherer Einsatz containerisierter IT-Systeme;Im laufenden Betrieb SOLLTEN die Performance und der Zustand der containerisierten IT-Systeme überwacht werden (sogenannte Health Checks).;Basis
SYS.1.6.A4;Planung der Bereitstellung und Verteilung von Images;Der Prozess zur Bereitstellung und Verteilung von Images MUSS geplant und angemessen dokumentiert werden.;Basis
SYS.1.6.A5;Separierung der Administrations- und Zugangsnetze bei Containern;Die Netze für die Administration des Hosts, die Administration der Container und deren Zugangsnetze MÜSSEN dem Schutzbedarf angemessen separiert werden.;Basis
SYS.1.6.A5;Separierung der Administrations- und Zugangsnetze bei Containern;Grundsätzlich SOLLTE mindestens die Administration des Hosts nur aus dem Administrationsnetz möglich sein.;Basis
SYS.1.6.A5;Separierung der Administrations- und Zugangsnetze bei Containern;Es SOLLTEN nur die für den Betrieb notwendigen Kommunikationsbeziehungen erlaubt werden.;Basis
SYS.1.6.A6;Verwendung sicherer Images;Es MUSS sichergestellt sein, dass sämtliche verwendeten Images nur aus vertrauenswürdigen Quellen stammen.;Basis
SYS.1.6.A6;Verwendung sicherer Images;Es MUSS eindeutig identifizierbar sein, wer das Image erstellt hat.;Basis
SYS.1.6.A6;Verwendung sicherer Images;Die Quelle MUSS danach ausgewählt werden, dass die im Image enthaltene Software regelmäßig auf Sicherheitsprobleme geprüft wird und diese behoben sowie dokumentiert werden.;Basis
SYS.1.6.A6;Verwendung sicherer Images;Die Quelle MUSS diesen Umgang mit Sicherheitsproblemen zusichern und einhalten.;Basis
SYS.1.6.A6;Verwendung sicherer Images;"Die verwendete Version von Basis-Images DARF NICHT abgekündigt („deprecated"") sein.";Basis
SYS.1.6.A6;Verwendung sicherer Images;Es MÜSSEN eindeutige Versionsnummern angegeben sein.;Basis
SYS.1.6.A6;Verwendung sicherer Images;Wenn ein Image mit einer neueren Versionsnummer verfügbar ist, MUSS im Rahmen des Patch- und Änderungsmanagement geprüft werden, ob und wie dieses ausgerollt werden kann.;Basis
SYS.1.6.A7;Persistenz von Protokollierungsdaten der Container;Die Speicherung der Protokollierungsdaten der Container MUSS außerhalb des Containers, mindestens auf dem Container-Host, erfolgen.;Basis
SYS.1.6.A8;Sichere Speicherung von Zugangsdaten bei Containern;Zugangsdaten MÜSSEN so gespeichert und verwaltet werden, dass nur berechtigte Personen und Container darauf zugreifen können.;Basis
SYS.1.6.A8;Sichere Speicherung von Zugangsdaten bei Containern;Insbesondere MUSS sichergestellt sein, dass Zugangsdaten nur an besonders geschützten Orten und nicht in den Images liegen.;Basis
SYS.1.6.A8;Sichere Speicherung von Zugangsdaten bei Containern;Die von der Verwaltungssoftware des Container-Dienstes bereitgestellten Verwaltungsmechanismen für Zugangsdaten SOLLTEN eingesetzt werden.;Basis
SYS.1.6.A8;Sichere Speicherung von Zugangsdaten bei Containern;Mindestens die folgenden Zugangsdaten MÜSSEN sicher gespeichert werden:;Basis
SYS.1.6.A8;Sichere Speicherung von Zugangsdaten bei Containern;Passwörter jeglicher Accounts,;Basis
SYS.1.6.A8;Sichere Speicherung von Zugangsdaten bei Containern;API-Keys für von der Anwendung genutzte Dienste,;Basis
SYS.1.6.A8;Sichere Speicherung von Zugangsdaten bei Containern;Schlüssel für symmetrische Verschlüsselungen sowie;Basis
SYS.1.6.A8;Sichere Speicherung von Zugangsdaten bei Containern;private Schlüssel bei Public-Key-Authentisierung.;Basis
SYS.1.6.A9;Eignung für Container-Betrieb;Die Anwendung oder der Dienst, die oder der im Container betrieben werden soll, SOLLTE für den Container-Betrieb geeignet sein.;Standard
SYS.1.6.A9;Eignung für Container-Betrieb;Dabei SOLLTE berücksichtigt werden, dass Container häufiger für die darin ausgeführte Anwendung unvorhergesehen beendet werden können.;Standard
SYS.1.6.A9;Eignung für Container-Betrieb;Die Ergebnisse der Prüfung nach SYS.1.6.A3 Sicherer Einsatz containerisierter IT-Systeme SOLLTE nachvollziehbar dokumentiert werden.;Standard
SYS.1.6.A10;Richtlinie für Images und Container-Betrieb;Es SOLLTE eine Richtlinie erstellt und angewendet werden, die die Anforderungen an den Betrieb der Container und die erlaubten Images festlegt.;Standard
SYS.1.6.A10;Richtlinie für Images und Container-Betrieb;Die Richtlinie SOLLTE auch Anforderungen an den Betrieb und die Bereitstellung der Images enthalten.;Standard
SYS.1.6.A11;Nur ein Dienst pro Container;Jeder Container SOLLTE jeweils nur einen Dienst bereitstellen.;Standard
SYS.1.6.A12;Verteilung sicherer Images;Es SOLLTE angemessen dokumentiert werden, welche Quellen für Images als vertrauenswürdig klassifiziert wurden und warum.;Standard
SYS.1.6.A12;Verteilung sicherer Images;Zusätzlich SOLLTE der Prozess angemessen dokumentiert werden, wie Images bzw. die im Image enthaltenen Softwarebestandteile aus vertrauenswürdigen Quellen bezogen und schließlich für den produktiven Betrieb bereitgestellt werden.;Standard
SYS.1.6.A12;Verteilung sicherer Images;Die verwendeten Images SOLLTEN über Metadaten verfügen, die die Funktion und die Historie des Images nachvollziehbar machen.;Standard
SYS.1.6.A12;Verteilung sicherer Images;Digitale Signaturen SOLLTEN jedes Image gegen Veränderung absichern.;Standard
SYS.1.6.A13;Freigabe von Images;Alle Images für den produktiven Betrieb SOLLTEN wie Softwareprodukte einen Test- und Freigabeprozess gemäß dem Baustein OPS.1.1.6 Software-Test und Freigaben durchlaufen.;Standard
SYS.1.6.A14;Aktualisierung von Images;Bei der Erstellung des Konzeptes für das Patch- und Änderungsmanagement gemäß OPS.1.1.3 Patch- und Änderungsmanagement SOLLTE entschieden werden, wann und wie die Updates der Images bzw. der betriebenen Software oder des betriebenen Dienstes ausgerollt werden.;Standard
SYS.1.6.A14;Aktualisierung von Images;Bei persistenten Containern SOLLTE geprüft werden, ob in Ausnahmefällen ein Update des jeweiligen Containers geeigneter ist, als den Container vollständig neu zu provisionieren.;Standard
SYS.1.6.A15;Limitierung der Ressourcen pro Container;Für jeden Container SOLLTEN Ressourcen auf dem Host-System, wie CPU, flüchtiger und persistenter Speicher sowie Netzbandbreite, angemessen reserviert und limitiert werden.;Standard
SYS.1.6.A15;Limitierung der Ressourcen pro Container;Es SOLLTE definiert und dokumentiert sein, wie das System im Fall einer Überschreitung dieser Limitierungen reagiert.;Standard
SYS.1.6.A16;Administrativer Fernzugriff auf Container;Administrative Zugriffe von einem Container auf den Container-Host und umgekehrt SOLLTEN prinzipiell wie administrative Fernzugriffe betrachtet werden.;Standard
SYS.1.6.A16;Administrativer Fernzugriff auf Container;Aus einem Container SOLLTEN KEINE administrativen Fernzugriffe auf den Container-Host erfolgen.;Standard
SYS.1.6.A16;Administrativer Fernzugriff auf Container;Applikations-Container SOLLTEN keine Fernwartungszugänge enthalten.;Standard
SYS.1.6.A16;Administrativer Fernzugriff auf Container;Administrative Zugriffe auf Applikations-Container SOLLTEN immer über die Container-Runtime erfolgen.;Standard
SYS.1.6.A17;Ausführung von Containern ohne Privilegien;Die Container-Runtime und alle instanziierten Container SOLLTEN nur von einem nicht-privilegierten System-Account ausgeführt werden, der über keine erweiterten Rechte für den Container-Dienst und das Betriebssystem des Host-Systems verfügt oder diese Rechte erlangen kann.;Standard
SYS.1.6.A17;Ausführung von Containern ohne Privilegien;Die Container-Runtime SOLLTE durch zusätzliche Maßnahmen gekapselt werden, etwa durch Verwendung der Virtualisierungserweiterungen von CPUs.;Standard
SYS.1.6.A17;Ausführung von Containern ohne Privilegien;Sofern Container ausnahmsweise Aufgaben des Host-Systems übernehmen sollen, SOLLTEN die Privilegien auf dem Host-System auf das erforderliche Minimum begrenzt werden.;Standard
SYS.1.6.A17;Ausführung von Containern ohne Privilegien;Ausnahmen SOLLTEN angemessen dokumentiert werden.;Standard
SYS.1.6.A18;Accounts der Anwendungsdienste;Die System-Accounts innerhalb eines Containers SOLLTEN keine Berechtigungen auf dem Host-System haben.;Standard
SYS.1.6.A18;Accounts der Anwendungsdienste;Wo aus betrieblichen Gründen diese Berechtigung notwendig ist, SOLLTE diese nur für unbedingt notwendige Daten und Systemzugriffe gelten.;Standard
SYS.1.6.A18;Accounts der Anwendungsdienste;Der Account im Container, der für diesen Datenaustausch notwendig ist, SOLLTE im Host-System bekannt sein.;Standard
SYS.1.6.A19;Einbinden von Datenspeichern in Container;Die Container SOLLTEN NUR auf die für den Betrieb notwendigen Massenspeicher und Verzeichnisse zugreifen können.;Standard
SYS.1.6.A19;Einbinden von Datenspeichern in Container;Nur wenn Berechtigungen benötigt werden, SOLLTEN diese explizit vergeben werden.;Standard
SYS.1.6.A19;Einbinden von Datenspeichern in Container;Sofern die Container-Runtime für einen Container lokalen Speicher einbindet, SOLLTEN die Zugriffsrechte im Dateisystem auf den Service-Account des Containers eingeschränkt sein.;Standard
SYS.1.6.A19;Einbinden von Datenspeichern in Container;Werden Netzspeicher verwendet, so SOLLTEN die Berechtigungen auf dem Netzspeicher selbst gesetzt werden.;Standard
SYS.1.6.A20;Absicherung von Konfigurationsdaten;Die Beschreibung der Container-Konfigurationsdaten SOLLTE versioniert erfolgen.;Standard
SYS.1.6.A20;Absicherung von Konfigurationsdaten;Änderungen SOLLTEN nachvollziehbar dokumentiert sein.;Standard
SYS.1.6.A21;Erweiterte Sicherheitsrichtlinien;Erweiterte Richtlinien SOLLTEN die Berechtigungen der Container einschränken.;Hoch
SYS.1.6.A21;Erweiterte Sicherheitsrichtlinien;Mandatory Access Control (MAC) oder eine vergleichbare Technik SOLLTE diese Richtlinien erzwingen.;Hoch
SYS.1.6.A21;Erweiterte Sicherheitsrichtlinien;Die Richtlinien SOLLTEN mindestens folgende Zugriffe einschränken:;Hoch
SYS.1.6.A21;Erweiterte Sicherheitsrichtlinien;eingehende und ausgehende Netzverbindungen,;Hoch
SYS.1.6.A21;Erweiterte Sicherheitsrichtlinien;Dateisystem-Zugriffe und;Hoch
SYS.1.6.A21;Erweiterte Sicherheitsrichtlinien;Kernel-Anfragen (Syscalls).;Hoch
SYS.1.6.A21;Erweiterte Sicherheitsrichtlinien;Die Runtime SOLLTE die Container so starten, dass der Kernel des Host-Systems alle nicht von der Richtlinie erlaubten Aktivitäten der Container verhindert (z. B. durch die Einrichtung lokaler Paketfilter oder durch Entzug von Berechtigungen) oder zumindest Verstöße geeignet meldet.;Hoch
SYS.1.6.A22;Vorsorge für Untersuchungen;Um Container im Bedarfsfall für eine spätere Untersuchung verfügbar zu haben, SOLLTE ein Abbild des Zustands nach festgelegten Regeln erstellt werden.;Hoch
SYS.1.6.A23;Unveränderlichkeit der Container;Container SOLLTEN ihr Dateisystem während der Laufzeit nicht verändern können.;Hoch
SYS.1.6.A23;Unveränderlichkeit der Container;Dateisysteme SOLLTEN nicht mit Schreibrechten eingebunden sein.;Hoch
SYS.1.6.A24;Hostbasierte Angriffserkennung;Das Verhalten der Container und der darin betriebenen Anwendungen und Dienste SOLLTE überwacht werden.;Hoch
SYS.1.6.A24;Hostbasierte Angriffserkennung;Abweichungen von einem normalen Verhalten SOLLTEN bemerkt und gemeldet werden.;Hoch
SYS.1.6.A24;Hostbasierte Angriffserkennung;Die Meldungen SOLLTEN im zentralen Prozess zur Behandlung von Sicherheitsvorfällen angemessen behandelt werden.;Hoch
SYS.1.6.A24;Hostbasierte Angriffserkennung;Das zu überwachende Verhalten SOLLTE mindestens umfassen:;Hoch
SYS.1.6.A24;Hostbasierte Angriffserkennung;Netzverbindungen,;Hoch
SYS.1.6.A24;Hostbasierte Angriffserkennung;erstellte Prozesse,;Hoch
SYS.1.6.A24;Hostbasierte Angriffserkennung;Dateisystem-Zugriffe und;Hoch
SYS.1.6.A24;Hostbasierte Angriffserkennung;Kernel-Anfragen (Syscalls).;Hoch
SYS.1.6.A25;Hochverfügbarkeit von containerisierten Anwendungen;Bei hohen Verfügbarkeitsanforderungen der containerisierten Anwendungen SOLLTE entschieden werden, auf welcher Ebene die Verfügbarkeit realisiert werden soll (z. B. redundant auf der Ebene des Hosts).;Hoch
SYS.1.6.A26;Weitergehende Isolation und Kapselung von Containern;Wird eine weitergehende Isolation und Kapselung von Containern benötigt, dann SOLLTEN folgende Maßnahmen nach steigender Wirksamkeit geprüft werden:;Hoch
SYS.1.6.A26;Weitergehende Isolation und Kapselung von Containern;feste Zuordnung von Containern zu Container-Hosts,;Hoch
SYS.1.6.A26;Weitergehende Isolation und Kapselung von Containern;Ausführung der einzelnen Container und/oder des Container-Hosts mit Hypervisoren,;Hoch
SYS.1.6.A26;Weitergehende Isolation und Kapselung von Containern;feste Zuordnung eines einzelnen Containers zu einem einzelnen Container-Host.;Hoch
