ID-Anforderung;Titel;Inhalt;Typ
IND.2.4.A1;Fernwartung durch Maschinen- und Anlagenbauende;Für die Fernwartung einer Maschine MUSS es eine zentrale Richtlinie geben.;Basis
IND.2.4.A1;Fernwartung durch Maschinen- und Anlagenbauende;Darin MUSS geregelt werden, wie die jeweiligen Fernwartungslösungen einzusetzen sind.;Basis
IND.2.4.A1;Fernwartung durch Maschinen- und Anlagenbauende;Die Richtlinie MUSS auch festlegen, wie Kommunikationsverbindungen geschützt werden sollen.;Basis
IND.2.4.A1;Fernwartung durch Maschinen- und Anlagenbauende;Hierüber hinaus MUSS sie auch beschreiben, welche Aktivitäten während der Fernwartung überwacht werden sollen.;Basis
IND.2.4.A1;Fernwartung durch Maschinen- und Anlagenbauende;Außerdem SOLLTE NICHT möglich sein, dass über die Fernwartung einer Maschine auf andere IT-Systeme oder Maschinen der Institution zugegriffen werden kann.;Basis
IND.2.4.A1;Fernwartung durch Maschinen- und Anlagenbauende;Mit Dienstleistenden MUSS vereinbart werden, wie sie die in der Maschine gespeicherten Informationen verwerten dürfen.;Basis
IND.2.4.A2;Betrieb nach Ende der Gewährleistung;Es MUSS ein Prozess etabliert werden, der gewährleistet, dass die Maschine auch über den Gewährleistungszeitraum hinaus sicher weiterbetrieben werden kann.;Basis
IND.2.4.A2;Betrieb nach Ende der Gewährleistung;Hierzu MÜSSEN mit den Liefernden weitere Unterstützungsleistungen vertraglich vereinbart werden.;Basis
