ID-Anforderung;Titel;Inhalt;Typ
CON.6.A1;Regelung für die Löschung und Vernichtung von Informationen;Die Institution MUSS das Löschen und Vernichten von Informationen regeln.;Basis
CON.6.A1;Regelung für die Löschung und Vernichtung von Informationen;Dabei MÜSSEN die Fachverantwortlichen für jedes Fachverfahren bzw. Geschäftsprozess regeln, welche Informationen unter welchen Voraussetzungen gelöscht und entsorgt werden müssen.;Basis
CON.6.A1;Regelung für die Löschung und Vernichtung von Informationen;Hierbei MÜSSEN die gesetzlichen Bestimmungen beachtet werden,;Basis
CON.6.A1;Regelung für die Löschung und Vernichtung von Informationen;die einerseits minimale Aufbewahrungsfristen bestimmen sowie;Basis
CON.6.A1;Regelung für die Löschung und Vernichtung von Informationen;anderseits maximale Aufbewahrungszeiten und ein Anrecht auf das sichere Löschen von personenbezogenen Daten garantieren.;Basis
CON.6.A1;Regelung für die Löschung und Vernichtung von Informationen;Sind personenbezogene Daten betroffen, dann MÜSSEN die Regelungen zum Löschen und Vernichten mit Bezug zu personenbezogenen Daten mit dem oder der Datenschutzbeauftragten abgestimmt werden.;Basis
CON.6.A1;Regelung für die Löschung und Vernichtung von Informationen;Das Löschen und Vernichten von Informationen MUSS dabei für Fachverfahren, Geschäftsprozesse und IT-Systeme geregelt werden, bevor diese produktiv eingeführt worden sind.;Basis
CON.6.A2;Ordnungsgemäßes Löschen und Vernichten von schützenswerten Betriebsmitteln und Informationen;Bevor schutzbedürftigen Informationen und Datenträger entsorgt werden, MÜSSEN sie sicher gelöscht oder vernichtet werden.;Basis
CON.6.A2;Ordnungsgemäßes Löschen und Vernichten von schützenswerten Betriebsmitteln und Informationen;Zu diesem Zweck MUSS der Prozess klar geregelt werden.;Basis
CON.6.A2;Ordnungsgemäßes Löschen und Vernichten von schützenswerten Betriebsmitteln und Informationen;Einzelne Mitarbeitende MÜSSEN darüber informiert werden, welche Aufgaben sie zum sicheren Löschen und Vernichten erfüllen müssen.;Basis
CON.6.A2;Ordnungsgemäßes Löschen und Vernichten von schützenswerten Betriebsmitteln und Informationen;Der Prozess zum Löschen und Vernichten von Datenträgern MUSS auch Datensicherungen, wenn erforderlich, berücksichtigen.;Basis
CON.6.A2;Ordnungsgemäßes Löschen und Vernichten von schützenswerten Betriebsmitteln und Informationen;Der Standort von Vernichtungseinrichtungen auf dem Gelände der Institution MUSS klar geregelt sein.;Basis
CON.6.A2;Ordnungsgemäßes Löschen und Vernichten von schützenswerten Betriebsmitteln und Informationen;Dabei MUSS auch berücksichtigt werden, dass Informationen und Betriebsmittel eventuell erst gesammelt und erst später gelöscht oder vernichtet werden.;Basis
CON.6.A2;Ordnungsgemäßes Löschen und Vernichten von schützenswerten Betriebsmitteln und Informationen;Eine solche zentrale Sammelstelle MUSS vor unbefugten Zugriffen abgesichert werden.;Basis
CON.6.A11;Löschung und Vernichtung von Datenträgern durch externe Dienstleistende;Wenn externe Dienstleistende beauftragt werden, MUSS der Prozess zum Löschen und Vernichten ausreichend sicher und nachvollziehbar sein.;Basis
CON.6.A11;Löschung und Vernichtung von Datenträgern durch externe Dienstleistende;Die von externen Dienstleistenden eingesetzten Verfahrensweisen zum sicheren Löschen und Vernichten MÜSSEN mindestens die institutionsinternen Anforderungen an die Verfahrensweisen zur Löschung und Vernichtung erfüllen.;Basis
CON.6.A11;Löschung und Vernichtung von Datenträgern durch externe Dienstleistende;Die mit der Löschung und Vernichtung beauftragten Unternehmen SOLLTEN regelmäßig daraufhin überprüft werden, ob der Lösch- bzw. Vernichtungsvorgang noch korrekt abläuft.;Basis
CON.6.A12;Mindestanforderungen an Verfahren zur Löschung und Vernichtung;Die Institution MUSS mindestens die nachfolgenden Verfahren zum Löschen und Vernichten von schützenswerten Datenträgern einsetzen.;Basis
CON.6.A12;Mindestanforderungen an Verfahren zur Löschung und Vernichtung;Diese Verfahren SOLLTEN in Abhängigkeit des Schutzbedarfs der verarbeiteten Daten überprüft und, falls erforderlich, angepasst werden:;Basis
CON.6.A12;Mindestanforderungen an Verfahren zur Löschung und Vernichtung;Digitale wiederbeschreibbare Datenträger MÜSSEN vollständig mit einem Datenstrom aus Zufallswerten (z. B. PRNG Stream) überschrieben werden, wenn sie nicht verschlüsselt eingesetzt werden.;Basis
CON.6.A12;Mindestanforderungen an Verfahren zur Löschung und Vernichtung;Wenn digitale Datenträger verschlüsselt eingesetzt werden, MÜSSEN sie durch ein sicheres Löschen des Schlüssels unter Beachtung des Kryptokonzepts gelöscht werden.;Basis
CON.6.A12;Mindestanforderungen an Verfahren zur Löschung und Vernichtung;Optische Datenträger MÜSSEN mindestens nach Sicherheitsstufe O-3 entsprechend der ISO/IEC 21964-2 vernichtet werden.;Basis
CON.6.A12;Mindestanforderungen an Verfahren zur Löschung und Vernichtung;Smartphones oder sonstige Smart Devices SOLLTEN entsprechend des Kryptokonzepts verschlüsselt werden.;Basis
CON.6.A12;Mindestanforderungen an Verfahren zur Löschung und Vernichtung;Smartphones oder sonstige Smart Devices MÜSSEN auf die Werkseinstellung (Factory Reset) zurückgesetzt werden.;Basis
CON.6.A12;Mindestanforderungen an Verfahren zur Löschung und Vernichtung;Anschließend SOLLTE der Einrichtungsvorgang zum Abschluss des Löschvorgangs durchgeführt werden.;Basis
CON.6.A12;Mindestanforderungen an Verfahren zur Löschung und Vernichtung;IoT Geräte MÜSSEN auf den Werkszustand zurückgesetzt werden.;Basis
CON.6.A12;Mindestanforderungen an Verfahren zur Löschung und Vernichtung;Anschließend MÜSSEN alle in den IoT-Geräten hinterlegten Zugangsdaten geändert werden.;Basis
CON.6.A12;Mindestanforderungen an Verfahren zur Löschung und Vernichtung;Papier MUSS mindestens nach Sicherheitsstufe P-3 entsprechend der ISO/IEC 21964-2 vernichtet werden.;Basis
CON.6.A12;Mindestanforderungen an Verfahren zur Löschung und Vernichtung;In sonstigen Geräten integrierte Datenträger MÜSSEN über die integrierten Funktionen sicher gelöscht werden.;Basis
CON.6.A12;Mindestanforderungen an Verfahren zur Löschung und Vernichtung;Ist das nicht möglich, MÜSSEN die Massenspeicher ausgebaut und entweder wie herkömmliche digitale Datenträger von einem separatem IT-System aus sicher gelöscht werden oder mindestens nach Sicherheitsstufe E-3 bzw. H-3 entsprechend der ISO/IEC 21964-2 vernichtet werden.;Basis
CON.6.A3;ENTFALLEN;Diese Anforderung ist entfallen.;Standard
CON.6.A4;Auswahl geeigneter Verfahren zur Löschung oder Vernichtung von Datenträgern;Die Institution SOLLTE überprüfen, ob die Mindestanforderungen an die Verfahrensweisen zur Löschung und Vernichtung (siehe dazu CON.6.A12 Mindestanforderungen an Verfahren zur Löschung und Vernichtung) für die tatsächlich eingesetzten Datenträger und darauf befindlichen Informationen ausreichend sicher sind.;Standard
CON.6.A4;Auswahl geeigneter Verfahren zur Löschung oder Vernichtung von Datenträgern;Auf diesem Ergebnis aufbauend SOLLTE die Institution geeignete Verfahren zur Löschung und Vernichtung je Datenträger bestimmen.;Standard
CON.6.A4;Auswahl geeigneter Verfahren zur Löschung oder Vernichtung von Datenträgern;Für alle eingesetzten Datenträgerarten, die von der Institution selbst vernichtet bzw. gelöscht werden, SOLLTE es geeignete Geräte und Werkzeuge geben, mit denen die zuständigen Mitarbeitenden die gespeicherten Informationen löschen oder vernichten können.;Standard
CON.6.A4;Auswahl geeigneter Verfahren zur Löschung oder Vernichtung von Datenträgern;Die ausgewählten Verfahrensweisen SOLLTEN allen verantwortlichen Mitarbeitenden bekannt sein.;Standard
CON.6.A4;Auswahl geeigneter Verfahren zur Löschung oder Vernichtung von Datenträgern;Die Institution SOLLTE regelmäßig kontrollieren, ob die gewählten Verfahren noch dem Stand der Technik entsprechen und für die Institution noch ausreichend sicher sind.;Standard
CON.6.A5;ENTFALLEN;Diese Anforderung ist entfallen.;Standard
CON.6.A6;ENTFALLEN;Diese Anforderung ist entfallen.;Standard
CON.6.A7;ENTFALLEN;Diese Anforderung ist entfallen.;Standard
CON.6.A8;Erstellung einer Richtlinie für die Löschung und Vernichtung von Informationen;Die Regelungen der Institution zum Löschen und Vernichten SOLLTEN in einer Richtlinie dokumentiert werden.;Standard
CON.6.A8;Erstellung einer Richtlinie für die Löschung und Vernichtung von Informationen;Die Richtlinie SOLLTE allen relevanten Mitarbeitenden der Institution bekannt sein und die Grundlage für ihre Arbeit und ihr Handeln bilden.;Standard
CON.6.A8;Erstellung einer Richtlinie für die Löschung und Vernichtung von Informationen;Inhaltlich SOLLTE die Richtlinie alle eingesetzten Datenträger, Anwendungen, IT-Systeme und sonstigen Betriebsmittel und Informationen enthalten, die vom Löschen und Vernichten betroffen sind.;Standard
CON.6.A8;Erstellung einer Richtlinie für die Löschung und Vernichtung von Informationen;Es SOLLTE regelmäßig und stichprobenartig überprüft werden, ob die Mitarbeitenden sich an die Richtlinie halten.;Standard
CON.6.A8;Erstellung einer Richtlinie für die Löschung und Vernichtung von Informationen;Die Richtlinie SOLLTE regelmäßig aktualisiert werden.;Standard
CON.6.A9;ENTFALLEN;Diese Anforderung ist entfallen.;Standard
CON.6.A13;Vernichtung defekter digitaler Datenträger;Können digitale Datenträger mit schützenswerten Informationen aufgrund eines Defekts nicht sicher entsprechend der Verfahren zur Löschung von Datenträgern gelöscht werden, dann SOLLTEN diese mindestens entsprechend der Sicherheitsstufe 3 nach ISO/IEC 21964-2 vernichtet werden.;Standard
CON.6.A13;Vernichtung defekter digitaler Datenträger;Alternativ SOLLTE für den Fall, dass defekte Datenträger ausgetauscht oder repariert werden, vertraglich mit den hierzu beauftragten Dienstleistenden vereinbart werden, dass diese Datenträger durch die Dienstleistenden sicher vernichtet oder gelöscht werden.;Standard
CON.6.A13;Vernichtung defekter digitaler Datenträger;Die Verfahrensweisen der Dienstleistenden SOLLTEN hierbei mindestens die institutionsinternen Anforderungen an die Verfahrensweisen zur Löschung und Vernichtung erfüllen.;Standard
CON.6.A10;ENTFALLEN;Diese Anforderung ist entfallen.;Hoch
CON.6.A14;Vernichten von Datenträgern auf erhöhter Sicherheitsstufe;Die Institution SOLLTE die erforderliche Sicherheitsstufe zur Vernichtung von Datenträgern entsprechend der ISO/IEC 21964-1 anhand des Schutzbedarf der zu vernichtenden Datenträger bestimmen.;Hoch
CON.6.A14;Vernichten von Datenträgern auf erhöhter Sicherheitsstufe;Die Datenträger SOLLTEN entsprechend der zugewiesenen Sicherheitsstufe nach ISO/IEC 21964-2 vernichtet werden.;Hoch
