ID-Anforderung;Titel;Inhalt;Typ
APP.3.6.A1;Planung des DNS-Einsatzes;Der Einsatz von DNS-Servern MUSS sorgfältig geplant werden.;Basis
APP.3.6.A1;Planung des DNS-Einsatzes;Es MUSS zuerst festgelegt werden, wie der Netzdienst DNS aufgebaut werden soll.;Basis
APP.3.6.A1;Planung des DNS-Einsatzes;Es MUSS festgelegt werden, welche Domain-Informationen schützenswert sind.;Basis
APP.3.6.A1;Planung des DNS-Einsatzes;Es MUSS geplant werden, wie DNS-Server in das Netz des Informationsverbunds eingebunden werden sollen.;Basis
APP.3.6.A1;Planung des DNS-Einsatzes;Die getroffenen Entscheidungen MÜSSEN geeignet dokumentiert werden.;Basis
APP.3.6.A2;Einsatz redundanter DNS-Server;Advertising DNS-Server MÜSSEN redundant ausgelegt werden.;Basis
APP.3.6.A2;Einsatz redundanter DNS-Server;Für jeden Advertising DNS-Server MUSS es mindestens einen zusätzlichen Secondary DNS-Server geben.;Basis
APP.3.6.A3;Verwendung von separaten DNS-Servern für interne und externe Anfragen;Advertising DNS-Server und Resolving DNS-Server MÜSSEN serverseitig getrennt sein.;Basis
APP.3.6.A3;Verwendung von separaten DNS-Servern für interne und externe Anfragen;Die Resolver der internen IT-Systeme DÜRFEN NUR die internen Resolving DNS-Server verwenden.;Basis
APP.3.6.A4;Sichere Grundkonfiguration eines DNS-Servers;Ein Resolving DNS-Server MUSS so konfiguriert werden, dass er ausschließlich Anfragen aus dem internen Netz akzeptiert.;Basis
APP.3.6.A4;Sichere Grundkonfiguration eines DNS-Servers;Wenn ein Resolving DNS-Server Anfragen versendet, MUSS er zufällige Source Ports benutzen.;Basis
APP.3.6.A4;Sichere Grundkonfiguration eines DNS-Servers;Sind DNS-Server bekannt, die falsche Domain-Informationen liefern, MUSS der Resolving DNS-Server daran gehindert werden, Anfragen dorthin zu senden.;Basis
APP.3.6.A4;Sichere Grundkonfiguration eines DNS-Servers;Ein Advertising DNS-Server MUSS so konfiguriert werden, dass er Anfragen aus dem Internet immer iterativ behandelt.;Basis
APP.3.6.A4;Sichere Grundkonfiguration eines DNS-Servers;Es MUSS sichergestellt werden, dass DNS-Zonentransfers zwischen Primary und Secondary DNS-Servern funktionieren.;Basis
APP.3.6.A4;Sichere Grundkonfiguration eines DNS-Servers;Zonentransfers MÜSSEN so konfiguriert werden, dass diese nur zwischen Primary und Secondary DNS-Servern möglich sind.;Basis
APP.3.6.A4;Sichere Grundkonfiguration eines DNS-Servers;Zonentransfers MÜSSEN auf bestimmte IP-Adressen beschränkt werden.;Basis
APP.3.6.A4;Sichere Grundkonfiguration eines DNS-Servers;Die Version des verwendeten DNS-Server-Produktes MUSS verborgen werden.;Basis
APP.3.6.A5;ENTFALLEN;Diese Anforderung ist entfallen.;Basis
APP.3.6.A6;Absicherung von dynamischen DNS-Updates;Es MUSS sichergestellt werden, dass nur legitimierte IT-Systeme Domain-Informationen ändern dürfen.;Basis
APP.3.6.A6;Absicherung von dynamischen DNS-Updates;Es MUSS festgelegt werden, welche Domain-Informationen die IT-Systeme ändern dürfen.;Basis
APP.3.6.A7;Überwachung von DNS-Servern;DNS-Server MÜSSEN laufend überwacht werden.;Basis
APP.3.6.A7;Überwachung von DNS-Servern;Es MUSS überwacht werden, wie ausgelastet die DNS-Server sind, um rechtzeitig die Leistungskapazität der Hardware anpassen zu können.;Basis
APP.3.6.A7;Überwachung von DNS-Servern;DNS-Server MÜSSEN so konfiguriert werden, dass mindestens die folgenden sicherheitsrelevanten Ereignisse protokolliert werden:;Basis
APP.3.6.A7;Überwachung von DNS-Servern;Anzahl der DNS-Anfragen,;Basis
APP.3.6.A7;Überwachung von DNS-Servern;Anzahl der Fehler bei DNS-Anfragen,;Basis
APP.3.6.A7;Überwachung von DNS-Servern;EDNS-Fehler (EDNS - Extension Mechanisms for DNS),;Basis
APP.3.6.A7;Überwachung von DNS-Servern;auslaufende Zonen sowie;Basis
APP.3.6.A7;Überwachung von DNS-Servern;fehlgeschlagene Zonentransfers.;Basis
APP.3.6.A8;Verwaltung von Domainnamen;Es MUSS sichergestellt sein, dass die Registrierungen für alle Domains, die von einer Institution benutzt werden, regelmäßig und rechtzeitig verlängert werden.;Basis
APP.3.6.A8;Verwaltung von Domainnamen;Eine Person MUSS bestimmt werden, die dafür zuständig ist, die Internet-Domainnamen zu verwalten.;Basis
APP.3.6.A8;Verwaltung von Domainnamen;Falls Dienstleistende mit der Domainverwaltung beauftragt werden, MUSS darauf geachtet werden, dass die Institution die Kontrolle über die Domains behält.;Basis
APP.3.6.A9;Erstellen eines Notfallplans für DNS-Server;Ein Notfallplan für DNS-Server MUSS erstellt werden.;Basis
APP.3.6.A9;Erstellen eines Notfallplans für DNS-Server;Der Notfallplan für DNS-Server MUSS in die bereits vorhandenen Notfallpläne der Institution integriert werden.;Basis
APP.3.6.A9;Erstellen eines Notfallplans für DNS-Server;Im Notfallplan für DNS-Server MUSS ein Datensicherungskonzept für die Zonen- und Konfigurationsdateien beschrieben sein.;Basis
APP.3.6.A9;Erstellen eines Notfallplans für DNS-Server;Das Datensicherungskonzept für die Zonen- und Konfigurationsdateien MUSS in das existierende Datensicherungskonzept der Institution integriert werden.;Basis
APP.3.6.A9;Erstellen eines Notfallplans für DNS-Server;Der Notfallplan für DNS-Server MUSS einen Wiederanlaufplan für alle DNS-Server im Informationsverbund enthalten.;Basis
APP.3.6.A10;Auswahl eines geeigneten DNS-Server-Produktes;Wird ein DNS-Server-Produkt beschafft, dann SOLLTE darauf geachtet werden, dass es sich in der Praxis ausreichend bewährt hat.;Standard
APP.3.6.A10;Auswahl eines geeigneten DNS-Server-Produktes;Das DNS-Server-Produkt SOLLTE die aktuellen RFC-Standards unterstützen.;Standard
APP.3.6.A10;Auswahl eines geeigneten DNS-Server-Produktes;Das DNS-Server-Produkt SOLLTE die Zuständigen dabei unterstützen, syntaktisch korrekte Master Files zu erstellen.;Standard
APP.3.6.A11;Ausreichende Dimensionierung der DNS-Server;Die Hardware des DNS-Servers SOLLTE ausreichend dimensioniert sein.;Standard
APP.3.6.A11;Ausreichende Dimensionierung der DNS-Server;Die Hardware des DNS-Servers SOLLTE ausschließlich für den Betrieb dieses DNS-Servers benutzt werden.;Standard
APP.3.6.A11;Ausreichende Dimensionierung der DNS-Server;Die Netzanbindungen sämtlicher DNS-Server im Informationsverbund SOLLTEN ausreichend bemessen sein.;Standard
APP.3.6.A12;ENTFALLEN;Diese Anforderung ist entfallen.;Standard
APP.3.6.A13;Einschränkung der Sichtbarkeit von Domain-Informationen;Der Namensraum eines Informationsverbunds SOLLTE in einen öffentlichen und einen institutionsinternen Bereich aufgeteilt werden.;Standard
APP.3.6.A13;Einschränkung der Sichtbarkeit von Domain-Informationen;Im öffentlichen Teil SOLLTEN nur solche Domain-Informationen enthalten sein, die von Diensten benötigt werden, die von extern erreichbar sein sollen.;Standard
APP.3.6.A13;Einschränkung der Sichtbarkeit von Domain-Informationen;IT-Systeme im internen Netz SOLLTEN selbst dann keinen von außen auflösbaren DNS-Namen erhalten, wenn sie eine öffentliche IP-Adresse besitzen.;Standard
APP.3.6.A14;Platzierung der Nameserver;Primary und Secondary Advertising DNS-Server SOLLTEN in verschiedenen Netzsegmenten platziert werden.;Standard
APP.3.6.A15;Auswertung der Logdaten;Die Logdateien des DNS-Servers SOLLTEN regelmäßig überprüft werden.;Standard
APP.3.6.A15;Auswertung der Logdaten;Die Logdateien des DNS-Servers SOLLTEN regelmäßig ausgewertet werden.;Standard
APP.3.6.A15;Auswertung der Logdaten;Mindestens die folgenden sicherheitsrelevanten Ereignisse SOLLTEN ausgewertet werden:;Standard
APP.3.6.A15;Auswertung der Logdaten;Anzahl der DNS-Anfragen,;Standard
APP.3.6.A15;Auswertung der Logdaten;Anzahl der Fehler bei DNS-Anfragen,;Standard
APP.3.6.A15;Auswertung der Logdaten;EDNS-Fehler,;Standard
APP.3.6.A15;Auswertung der Logdaten;auslaufende Zonen,;Standard
APP.3.6.A15;Auswertung der Logdaten;fehlgeschlagene Zonentransfers sowie;Standard
APP.3.6.A15;Auswertung der Logdaten;Veränderungen im Verhältnis von Fehlern zu DNS-Anfragen.;Standard
APP.3.6.A16;"Integration eines DNS-Servers in eine ""P-A-P""-Struktur";Die DNS-Server SOLLTEN in eine „Paketfilter - Application-Level-Gateway - Paketfilter“-(P-A-P)-Struktur integriert werden (siehe auch NET.1.1 Netzarchitektur und -design).;Standard
APP.3.6.A16;"Integration eines DNS-Servers in eine ""P-A-P""-Struktur";Der Advertising DNS-Server SOLLTE in diesem Fall in einer demilitarisierten Zone (DMZ) des äußeren Paketfilters angesiedelt sein.;Standard
APP.3.6.A16;"Integration eines DNS-Servers in eine ""P-A-P""-Struktur";Der Resolving DNS-Server SOLLTE in einer DMZ des inneren Paketfilters aufgestellt sein.;Standard
APP.3.6.A17;Einsatz von DNSSEC;Die DNS-Protokollerweiterung DNSSEC SOLLTE sowohl auf Resolving DNS-Servern als auch auf Advertising DNS-Servern aktiviert werden.;Standard
APP.3.6.A17;Einsatz von DNSSEC;Die dabei verwendeten Schlüssel Key-Signing-Keys (KSK) und Zone-Signing-Keys (ZSK) SOLLTEN regelmäßig gewechselt werden.;Standard
APP.3.6.A18;Erweiterte Absicherung von Zonentransfers;Um Zonentransfers stärker abzusichern, SOLLTEN zusätzlich Transaction Signatures (TSIG) eingesetzt werden.;Standard
APP.3.6.A19;Aussonderung von DNS-Servern;Der DNS-Server SOLLTE sowohl aus dem Domain-Namensraum als auch aus dem Netzverbund gelöscht werden.;Standard
APP.3.6.A20;Prüfung des Notfallplans auf Durchführbarkeit;Es SOLLTE regelmäßig überprüft werden, ob der Notfallplan für DNS-Server durchführbar ist.;Hoch
APP.3.6.A21;Hidden Master;Um Angriffe auf den primären Advertising DNS-Server zu erschweren, SOLLTE eine sogenannte Hidden-Master-Anordnung vorgenommen werden.;Hoch
APP.3.6.A22;Anbindung der DNS-Server über unterschiedliche Provider;Extern erreichbare DNS-Server SOLLTEN über unterschiedliche Provider angebunden werden.;Hoch
